age,workclass,fnlwgt,education,education-num,marital-status,occupation,relationship,race,sex,capital-gain,capital-loss,hours-per-week,native-country,income
31,6,110714,15,10,4,7,3,4,0,0,0,37,37,0
19,3,38294,11,9,4,5,2,4,1,2597,0,40,37,0
40,3,193385,14,15,2,9,5,1,0,0,0,40,2,0
45,0,211399,12,14,2,3,0,4,1,7298,0,40,37,1
46,3,205816,8,11,2,9,5,4,0,0,0,40,37,1
55,5,95149,15,10,2,13,0,4,1,0,0,99,37,0
23,4,295254,11,9,4,0,1,4,0,0,0,40,37,0
29,3,160510,9,13,2,9,0,4,1,0,0,50,38,1
32,3,110331,11,9,2,3,0,4,1,0,1672,60,37,0
30,3,392812,11,9,4,5,1,4,1,0,0,50,10,0
43,3,115323,9,13,2,3,0,4,1,3103,0,40,37,1
31,3,200117,11,9,0,0,1,4,1,0,0,40,37,0
31,3,230246,9,13,4,11,1,4,1,0,0,40,37,0
28,3,114053,9,13,4,13,1,4,1,0,0,55,37,0
20,7,94746,15,10,4,14,3,4,1,0,0,40,30,0
31,1,127651,0,6,4,13,2,4,1,0,1741,40,37,0
22,3,126613,15,10,4,11,3,4,0,0,0,20,37,0
33,3,121488,9,13,4,11,1,4,0,0,0,40,37,0
56,3,456592,11,9,0,7,4,4,0,0,0,37,37,0
53,1,140359,13,1,4,6,1,4,0,0,0,35,37,0
46,0,260549,15,10,2,0,0,4,1,0,0,80,37,1
42,3,112494,15,10,2,2,0,4,1,7298,0,35,37,1
48,3,160220,8,11,2,11,0,4,1,0,0,40,37,1
22,3,216867,5,4,2,6,0,4,1,0,0,40,24,0
65,6,29276,5,4,6,7,2,4,0,0,0,24,37,0
37,3,111128,1,7,4,6,1,4,1,0,0,40,37,0
23,7,62507,15,10,4,14,1,4,0,0,0,12,37,0
44,3,68729,15,10,2,11,0,1,1,0,1902,40,37,1
34,3,309513,11,9,2,6,0,4,1,0,0,40,37,0
48,5,243631,15,10,2,2,0,0,1,7688,0,40,37,1
49,1,276247,15,10,2,10,0,4,1,0,0,40,37,0
35,4,182148,9,13,2,3,0,4,1,0,0,60,37,1
23,3,236601,15,10,4,12,1,4,1,0,0,48,37,0
24,3,228424,11,9,4,5,2,2,1,0,0,40,37,0
29,3,154017,11,9,4,11,1,4,0,0,0,10,37,0
68,1,137518,11,9,6,0,1,4,0,0,0,33,37,0
42,3,172148,15,10,2,0,0,2,1,0,0,40,37,0
37,3,327323,4,3,5,4,1,4,1,0,0,32,12,0
32,3,366876,11,9,2,2,0,4,1,0,0,40,37,0
38,3,168355,11,9,2,2,0,4,1,0,0,48,37,0
31,3,182246,11,9,0,2,1,4,1,0,0,45,37,0
19,3,97215,15,10,5,11,4,4,0,0,0,25,37,0
42,3,56483,7,12,0,0,4,4,0,0,0,40,37,0
33,3,178463,11,9,2,2,0,4,1,0,0,40,37,0
33,5,193246,11,9,4,3,1,4,1,0,0,55,9,0
44,4,56651,15,10,2,3,0,4,1,7688,0,45,37,1
47,3,221666,15,10,0,12,4,4,0,0,0,40,37,0
42,3,185267,8,11,2,0,0,4,1,0,0,32,37,0
40,7,253370,11,9,2,14,5,4,0,0,0,35,37,1
39,4,172538,11,9,2,3,0,4,1,0,0,60,37,1
29,0,204796,0,6,5,3,1,4,0,0,0,40,37,0
47,1,193012,12,14,0,10,1,2,1,0,0,50,37,1
37,3,190987,15,10,2,11,5,4,0,7298,0,40,37,1
60,5,33717,1,7,2,4,0,4,1,0,0,50,37,0
32,3,36302,15,10,2,0,0,4,1,0,0,50,37,0
34,3,80058,14,15,4,3,3,4,1,0,0,50,37,0
35,3,111387,15,10,2,5,0,4,1,0,1579,40,37,0
53,1,146834,11,9,2,7,0,4,1,0,0,45,37,0
43,3,75742,11,9,2,6,0,4,1,0,0,40,37,0
75,4,98116,15,10,6,11,1,4,1,0,0,40,37,1
42,3,230684,9,13,2,9,0,4,1,5013,0,40,37,0
41,3,63596,15,10,2,9,5,4,0,0,0,32,37,1
27,7,258231,11,9,4,14,1,4,1,0,0,35,38,0
35,3,51700,15,10,4,13,1,4,1,0,0,40,37,0
36,6,112497,9,13,0,9,1,4,1,0,1876,44,37,0
32,3,211028,15,10,4,0,1,4,0,0,0,40,37,0
29,1,123983,12,14,4,9,3,1,1,0,0,40,34,0
43,0,101709,15,10,0,5,1,1,1,0,0,40,37,0
36,3,209993,3,2,6,7,2,4,0,0,0,20,24,0
23,3,200677,0,6,4,6,1,4,0,0,0,40,37,0
33,3,236396,11,9,4,0,3,4,1,0,0,35,37,0
44,3,177083,11,9,0,0,1,4,0,0,0,40,37,0
27,3,32519,15,10,2,11,0,1,1,0,0,55,33,0
25,3,305472,7,12,4,6,3,2,1,0,0,48,37,0
53,3,194501,1,7,6,7,3,4,0,0,0,47,37,0
63,7,29859,11,9,2,14,0,4,1,0,1485,40,37,1
62,3,273454,5,4,2,10,0,4,1,0,0,40,4,0
46,3,161508,0,6,4,6,1,2,1,0,0,40,37,0
17,3,186677,1,7,4,5,3,4,1,0,0,12,37,0
33,4,374905,11,9,2,11,0,4,1,0,0,50,37,1
58,3,349910,11,9,2,3,0,4,1,7688,0,40,37,1
20,3,227943,11,9,4,5,3,4,1,0,0,45,37,0
41,3,46870,15,10,0,3,1,4,0,0,0,40,37,0
36,4,27408,8,11,2,11,0,4,1,0,0,60,37,0
29,6,204516,12,14,2,9,0,4,1,0,0,15,37,0
44,3,127592,9,13,2,12,0,4,1,0,0,40,37,0
50,3,240496,15,10,0,12,1,4,0,0,0,36,37,0
31,3,259705,11,9,4,4,3,4,0,0,0,40,37,0
21,5,190968,11,9,4,4,3,4,1,0,0,25,37,0
42,1,178983,9,13,0,9,4,4,0,0,0,37,37,0
53,3,138022,9,13,2,4,0,4,1,0,0,60,37,0
32,3,388672,15,10,0,5,1,4,1,0,0,16,37,0
19,3,307496,15,10,4,7,3,4,0,0,0,16,37,0
30,4,443546,8,11,2,11,0,4,1,0,0,35,37,0
42,3,55854,9,13,2,3,0,4,1,0,0,40,37,0
30,3,339773,11,9,4,6,1,4,1,0,0,45,37,0
18,5,157131,1,7,4,11,3,4,0,0,0,40,37,0
34,3,106541,15,10,2,6,0,4,1,0,0,40,37,0
34,3,172579,8,11,0,12,4,4,0,0,0,40,37,0
50,3,200046,12,14,2,3,0,4,1,0,0,50,37,1
48,5,209146,11,9,2,13,0,4,1,0,0,60,37,0
48,3,192894,10,16,2,9,0,4,1,0,0,40,37,1
47,3,98044,13,1,4,7,1,4,1,0,0,25,7,0
38,5,182416,11,9,4,11,4,2,0,0,0,42,37,0
53,5,297796,0,6,2,4,0,4,1,0,0,40,37,0
48,3,431513,0,6,2,2,0,4,1,0,0,65,37,1
64,3,218490,9,13,0,3,1,4,1,27828,0,55,37,1
48,3,284916,6,5,2,11,0,4,1,0,0,40,38,0
45,3,122206,11,9,2,13,0,4,1,0,0,40,37,0
72,5,47203,11,9,2,4,0,4,1,4931,0,70,37,0
42,3,99203,11,9,5,2,1,4,1,3325,0,40,37,0
35,3,160120,12,14,2,3,0,1,1,0,0,50,37,1
35,1,215419,15,10,0,0,4,4,0,0,0,40,37,0
42,3,386175,15,10,0,11,1,4,1,0,0,50,37,1
26,3,211435,11,9,4,6,4,4,0,0,0,40,37,0
31,3,147270,15,10,4,0,3,4,0,0,0,35,37,0
43,3,118536,11,9,0,6,2,2,1,0,0,40,37,0
39,3,180667,11,9,4,0,1,4,1,0,0,40,37,0
50,1,117496,11,9,2,0,5,4,0,7298,0,30,37,1
23,3,213115,11,9,4,0,3,2,0,0,0,40,37,0
41,5,54611,11,9,2,13,0,4,1,7298,0,50,37,1
51,1,80123,15,10,2,10,0,4,1,0,0,35,37,0
26,3,208122,15,10,0,5,1,4,1,0,0,45,37,0
60,3,73069,15,10,4,0,1,4,0,0,0,38,37,0
44,3,224658,11,9,2,2,0,4,1,0,0,45,37,1
42,3,147099,11,9,0,7,4,4,0,0,0,30,37,0
47,4,139268,14,15,2,9,0,4,1,0,1977,60,37,1
46,3,86220,9,13,0,11,1,4,0,0,0,40,37,0
30,4,321990,12,14,2,3,0,4,1,15024,0,60,38,1
28,3,172891,11,9,2,4,0,4,1,0,0,50,37,0
38,3,179481,11,9,2,6,0,4,1,0,0,40,29,0
28,3,102142,15,10,4,12,1,4,1,0,0,40,37,0
35,3,31269,11,9,2,3,0,4,1,0,0,40,37,0
83,5,213866,11,9,6,3,1,4,1,0,0,8,37,0
38,3,185556,15,10,2,2,0,4,1,0,0,40,20,0
21,3,209483,15,10,4,11,3,4,0,0,0,20,37,0
24,3,196332,11,9,4,7,3,2,0,0,0,40,37,0
43,5,325775,11,9,2,0,5,4,0,0,0,15,37,0
46,3,153536,15,10,2,3,0,4,1,3103,0,40,37,1
52,3,190333,15,10,2,0,0,4,1,0,0,40,37,1
53,7,201062,11,9,2,14,5,2,0,0,0,2,37,0
33,3,167771,15,10,5,7,1,4,0,0,0,30,37,0
45,3,182541,15,10,2,2,0,4,1,0,0,40,37,0
27,1,118235,15,10,2,9,0,3,1,0,0,40,37,0
28,3,238859,11,9,4,5,2,4,1,0,0,20,37,0
31,3,252210,4,3,4,7,3,4,1,0,0,40,24,0
37,1,188391,7,12,0,7,4,4,1,0,0,60,37,1
32,3,165226,11,9,0,7,1,4,0,0,0,40,37,0
66,3,127139,9,13,2,9,0,4,1,0,0,40,37,1
32,3,394708,11,9,4,7,4,2,1,0,0,40,37,0
19,3,100999,9,13,4,9,3,4,0,0,0,30,37,0
43,3,193672,11,9,2,6,0,4,1,0,0,40,37,0
62,3,135480,11,9,2,11,0,4,1,0,0,16,37,0
59,3,108929,10,16,4,9,1,4,1,0,0,50,37,0
38,3,102478,11,9,4,3,1,4,0,0,0,40,37,0
53,1,321770,11,9,3,13,2,4,0,0,0,35,37,0
24,3,114292,15,10,4,2,4,4,1,0,0,40,37,0
24,1,111450,0,6,4,2,4,2,1,0,0,65,13,0
23,3,202416,11,9,4,11,1,4,0,0,0,30,37,0
40,3,163628,8,11,2,0,0,4,1,0,0,40,37,0
25,7,34307,15,10,4,14,1,4,1,0,0,40,37,0
23,3,189017,9,13,4,11,1,4,1,0,0,55,37,0
40,3,77247,2,8,2,2,0,4,1,0,0,50,37,1
49,3,163229,11,9,0,2,1,4,1,0,0,50,37,0
61,7,161279,11,9,6,14,1,4,0,0,0,36,37,0
17,3,95079,1,7,4,11,3,4,0,0,0,15,37,0
39,5,218490,14,15,2,9,0,4,1,0,2415,50,38,1
37,5,168496,11,9,0,5,3,4,1,0,0,10,37,0
64,1,84737,11,9,2,7,0,1,1,0,0,35,37,1
39,5,200863,7,12,2,3,0,4,1,0,0,55,37,0
28,7,173800,9,13,3,14,1,1,0,0,0,10,34,0
21,3,133375,11,9,0,11,4,4,0,0,0,48,37,0
52,4,134854,11,9,2,3,0,4,1,0,0,40,37,1
21,3,133582,4,3,4,4,1,4,1,2176,0,36,24,0
22,3,34616,15,10,4,7,4,4,0,0,0,20,37,0
23,3,177287,15,10,4,3,2,4,0,0,0,40,37,0
20,3,332689,4,3,2,2,0,4,1,0,0,40,24,0
30,1,38268,11,9,5,7,4,4,1,0,0,40,37,1
44,3,110396,12,14,4,3,1,4,1,14084,0,56,37,1
21,3,22149,11,9,4,7,3,0,1,0,0,30,37,0
60,3,258869,10,16,5,8,4,4,0,0,0,30,25,0
30,5,196342,15,10,4,11,3,4,1,0,0,25,37,0
72,3,268861,5,4,6,7,1,4,0,0,0,99,38,0
47,3,193047,10,16,2,3,0,4,1,99999,0,50,37,1
38,3,337130,3,2,3,2,1,4,1,0,0,40,24,0
55,7,229029,9,13,2,14,0,4,1,5178,0,20,37,1
39,3,105813,11,9,2,2,0,4,1,3908,0,72,37,0
44,3,303521,15,10,0,2,1,4,1,0,0,40,37,0
20,3,183594,15,10,4,13,3,4,1,0,0,40,37,0
48,3,177775,11,9,0,3,1,4,0,0,0,40,37,0
36,1,32587,15,10,2,0,0,0,1,0,0,40,37,0
49,3,187634,9,13,0,11,1,4,0,0,0,50,37,1
34,3,554206,11,9,5,13,1,2,1,0,0,20,37,0
24,3,403671,9,13,4,9,1,4,1,0,0,40,37,0
23,3,49683,15,10,4,5,3,4,1,0,0,25,37,0
32,3,39223,0,6,5,2,4,2,0,0,0,40,38,0
55,3,276229,11,9,6,11,1,4,0,0,0,38,37,0
22,3,120320,11,9,4,0,3,4,0,0,0,40,37,0
33,3,162572,11,9,2,13,0,4,1,0,0,55,37,1
37,1,221740,9,13,2,9,5,4,0,0,0,30,37,1
36,3,105021,9,13,2,9,0,4,1,0,0,55,37,0
48,3,26490,9,13,6,7,4,4,0,0,0,20,37,0
38,3,20308,11,9,4,7,3,4,1,0,0,40,37,0
21,3,88373,11,9,2,7,2,4,0,0,0,16,37,0
40,3,566537,13,1,2,7,0,4,1,0,1672,40,24,0
46,3,120131,9,13,2,7,0,4,1,0,0,30,37,1
42,5,162758,15,10,2,5,0,4,1,0,0,56,37,1
47,3,287480,15,10,2,2,0,4,1,0,0,40,37,0
26,3,320465,11,9,4,7,1,2,1,0,0,40,37,0
36,3,195516,11,9,0,6,1,4,1,0,0,40,37,0
25,3,509866,11,9,4,13,1,4,1,0,0,78,37,0
37,3,94334,5,4,4,6,3,4,0,0,0,25,37,0
45,5,29019,11,9,2,7,5,4,0,0,0,55,37,0
56,3,128696,1,7,2,12,5,2,0,0,0,40,37,0
45,5,240786,9,13,2,2,0,4,1,0,0,40,37,1
41,3,118721,2,8,0,0,1,0,1,0,0,40,37,0
38,3,156550,11,9,2,2,0,4,1,0,0,60,37,0
39,3,553588,11,9,2,2,0,4,1,0,1848,40,37,1
37,3,220585,11,9,4,0,1,4,1,0,0,40,37,0
56,3,126677,11,9,2,6,0,4,1,3103,0,40,37,1
51,5,94432,11,9,2,4,0,4,1,0,0,55,37,1
28,1,169069,11,9,4,10,1,4,1,0,0,40,37,0
31,3,341672,9,13,2,0,0,1,1,0,0,60,17,0
24,3,126613,9,13,4,9,3,4,0,0,0,8,37,0
23,3,342769,9,13,4,12,1,4,0,0,0,20,37,0
32,6,90409,15,10,4,2,3,4,1,0,0,20,37,0
38,5,282461,5,4,2,11,0,4,1,0,0,35,37,1
50,5,213279,11,9,2,3,0,4,1,0,0,50,37,0
49,1,194895,15,10,2,5,0,4,1,7298,0,40,37,1
68,7,103161,11,9,6,14,1,4,1,0,0,32,37,0
18,3,332763,11,9,4,3,2,4,0,0,0,40,37,0
42,0,88909,9,13,2,3,0,4,1,0,0,40,37,1
41,6,197558,9,13,0,3,1,4,1,0,0,40,37,0
39,3,180667,15,10,2,6,0,4,1,0,0,40,37,0
29,3,108706,15,10,2,12,5,4,0,0,0,40,37,0
19,3,301747,11,9,5,0,3,4,0,0,0,30,37,0
26,3,53598,15,10,4,0,1,4,0,0,0,40,37,0
51,3,241745,4,3,5,6,4,4,0,0,0,40,24,0
51,3,254230,15,10,2,3,0,4,1,0,0,40,37,1
28,3,30912,11,9,2,0,0,4,1,0,0,40,37,0
21,3,100345,11,9,4,2,3,4,1,0,0,53,37,0
41,4,125831,11,9,2,11,0,4,1,0,1887,55,37,1
31,3,385959,9,13,4,0,1,4,1,0,0,50,37,0
34,1,226443,15,10,2,10,0,4,1,0,0,40,37,1
32,3,230484,5,4,5,11,4,4,0,0,0,35,37,0
35,3,194668,14,15,4,9,1,4,1,99999,0,45,37,1
44,4,352971,9,13,2,3,0,4,1,0,0,45,37,1
46,3,110171,12,14,2,9,0,4,1,15024,0,50,37,1
54,3,288992,0,6,0,9,4,4,1,14344,0,68,37,1
18,3,115630,1,7,4,0,3,2,1,0,0,20,37,0
29,3,121040,8,11,5,0,4,2,0,0,0,40,37,0
32,0,72630,14,15,4,9,1,4,1,14084,0,55,37,1
66,7,170617,12,14,6,14,1,4,1,0,0,6,37,0
61,3,95500,11,9,2,13,0,4,1,0,0,40,37,0
52,3,231865,11,9,2,0,0,4,1,0,0,46,37,0
33,0,137814,11,9,4,7,1,4,1,0,0,32,37,0
63,3,113756,11,9,4,3,3,4,0,0,0,40,37,0
40,3,145504,11,9,2,4,0,2,1,0,0,40,37,0
20,3,94057,15,10,4,7,3,4,1,0,0,15,37,0
47,3,176319,11,9,2,11,3,4,0,0,0,38,37,1
55,3,234125,11,9,2,7,0,4,1,0,0,40,37,0
27,5,209301,11,9,2,2,0,4,1,0,0,60,37,0
40,3,100451,15,10,4,2,1,4,1,0,0,40,37,0
32,3,193260,15,10,2,6,0,1,1,0,0,40,28,0
19,6,165289,15,10,4,7,3,4,0,0,0,40,37,0
47,3,116279,11,9,0,2,4,4,0,0,0,43,37,0
54,7,410114,11,9,2,14,0,4,1,0,0,40,37,0
47,3,162494,15,10,0,11,4,4,0,0,0,45,37,1
33,3,111363,9,13,2,2,0,4,1,0,0,45,37,0
59,3,24244,15,10,0,7,1,4,0,0,0,40,37,0
41,5,27305,11,9,2,4,0,4,1,7688,0,40,37,1
26,4,316688,15,10,4,11,2,4,1,0,0,40,37,0
30,3,208043,9,13,2,11,0,4,1,0,0,55,37,1
36,3,99872,11,9,2,2,0,1,1,0,0,40,17,0
35,3,201328,11,9,2,13,0,4,1,0,0,50,37,0
35,3,219546,15,10,4,2,1,4,1,0,0,45,10,0
30,1,210926,6,5,0,4,4,4,0,0,0,40,24,0
47,3,347088,4,3,5,7,4,4,0,0,0,40,37,0
28,5,33363,11,9,2,4,0,4,1,0,0,70,37,1
27,3,347513,15,10,4,0,1,4,0,0,0,40,37,0
48,3,205424,9,13,0,11,4,4,1,0,0,40,37,1
56,5,32855,15,10,2,4,0,4,1,0,0,50,37,0
24,6,273905,7,12,2,10,0,4,1,0,0,50,37,0
34,3,30433,9,13,4,11,1,4,0,0,0,35,37,0
54,4,108435,9,13,2,11,0,4,1,0,0,50,37,1
40,3,234397,9,13,2,10,0,2,1,0,0,40,37,1
48,3,183610,8,11,0,12,1,4,0,0,0,40,37,0
42,3,263608,15,10,0,2,3,4,1,0,0,40,37,0
31,3,268282,5,4,2,4,2,4,1,0,0,35,24,0
23,3,214227,8,11,0,0,1,4,0,0,0,30,37,0
56,4,119891,15,10,2,3,0,4,1,0,1672,40,37,0
35,3,316141,15,10,0,9,4,4,0,7443,0,40,37,0
20,3,161092,15,10,4,5,3,4,1,0,0,40,37,0
45,4,120131,11,9,2,2,0,4,1,0,0,50,37,1
32,3,141490,8,11,0,3,4,4,0,0,0,50,37,0
36,3,196662,15,10,4,13,1,4,1,0,0,50,31,0
18,5,132986,11,9,4,4,3,4,1,0,0,40,37,0
28,3,331381,9,13,4,0,1,4,1,0,0,40,37,0
33,3,112115,9,13,2,3,0,4,1,0,1902,45,37,1
40,3,233130,5,4,2,2,0,4,1,0,0,40,7,0
60,5,153356,11,9,0,11,1,2,1,2597,0,55,37,0
28,6,624572,11,9,4,0,3,2,0,0,0,40,37,0
57,3,130714,3,2,2,5,0,4,1,0,0,22,37,0
63,7,310396,6,5,2,14,0,4,1,5178,0,40,37,1
39,3,327435,9,13,2,9,5,4,0,0,0,36,37,1
46,3,216934,9,13,0,0,1,4,1,0,0,40,30,0
29,3,31659,15,10,4,2,1,4,1,2202,0,45,37,0
70,3,236055,5,4,6,7,1,4,0,0,0,35,37,0
42,3,270710,6,5,0,7,4,4,0,0,0,40,37,0
58,4,349910,14,15,2,9,0,4,1,0,1977,50,37,1
21,3,223811,8,11,4,3,3,4,1,0,0,40,37,0
55,3,234327,15,10,2,2,0,4,1,0,0,40,37,0
17,3,143791,0,6,4,7,3,2,0,0,0,12,37,0
44,3,118212,0,6,2,6,0,4,1,0,0,40,37,0
59,3,243226,0,6,0,6,1,4,0,0,0,40,37,0
34,3,174789,9,13,4,7,1,4,1,0,2001,40,37,0
51,1,155118,12,14,2,9,5,4,0,0,0,70,37,1
37,3,243409,11,9,2,2,0,4,1,0,0,40,37,0
23,3,236769,15,10,4,5,3,4,1,0,0,40,37,0
42,7,338281,8,11,2,14,5,4,0,0,0,20,18,0
21,7,270043,0,6,4,14,4,4,0,0,0,30,37,0
40,3,51233,9,13,0,6,4,4,0,0,0,38,37,0
27,3,145784,15,10,2,0,5,0,0,0,0,45,37,0
22,6,151991,15,10,4,12,3,4,1,0,0,20,37,0
40,3,181015,11,9,5,7,4,4,0,0,0,47,37,0
24,3,298227,15,10,2,3,0,4,1,0,0,50,37,0
22,3,437994,15,10,4,7,2,2,1,0,0,20,37,0
46,3,73541,0,6,0,2,1,4,1,0,0,40,37,0
67,3,219687,15,10,6,11,1,4,1,0,0,18,37,0
28,3,166481,5,4,2,5,0,3,1,0,2179,40,31,0
44,3,126701,11,9,0,2,4,4,1,0,0,40,37,0
37,5,298444,12,14,2,9,0,4,1,0,0,40,37,0
45,3,166056,11,9,0,7,4,4,0,0,0,40,37,0
58,3,299991,1,7,0,0,1,4,0,3674,0,40,37,0
39,3,115418,15,10,4,0,3,4,0,2174,0,45,37,0
20,3,215247,15,10,4,0,3,4,0,0,0,20,37,0
17,3,153542,0,6,4,11,3,4,0,0,0,20,37,0
27,3,706026,1,7,2,5,0,4,1,0,0,40,37,0
31,3,221167,14,15,0,12,1,4,0,0,0,35,37,0
73,3,333676,11,9,2,4,0,4,1,0,0,50,37,0
20,3,325744,15,10,4,11,2,4,1,0,0,40,37,0
41,3,372682,15,10,2,0,5,4,0,0,0,40,37,1
39,0,189632,11,9,2,0,5,4,0,0,0,40,37,1
46,3,57914,11,9,2,10,0,4,1,0,0,40,37,0
21,3,131620,11,9,3,6,3,4,0,0,0,40,5,0
43,3,395997,11,9,2,13,0,4,1,0,0,55,37,0
50,3,341797,11,9,0,2,1,4,1,0,0,40,37,0
24,3,324960,7,12,4,0,1,4,1,0,0,30,37,0
42,3,134220,8,11,0,3,3,0,0,0,0,40,37,0
29,3,193932,11,9,4,13,1,4,1,0,0,40,37,0
49,3,204629,9,13,2,11,0,4,1,0,0,40,37,1
44,1,34935,15,10,4,7,3,2,1,0,0,40,37,0
37,3,79586,11,9,5,6,3,1,1,0,0,60,37,0
44,3,116632,7,12,4,4,3,4,1,0,0,40,37,0
39,4,110861,9,13,2,11,0,4,1,0,0,50,37,1
27,3,214858,11,9,2,7,3,4,1,0,0,40,37,0
36,0,212465,9,13,2,0,0,4,1,0,0,40,37,0
59,6,303176,15,10,2,3,0,4,1,0,2179,40,37,0
28,3,184806,12,14,4,3,1,4,1,0,0,58,37,0
44,0,308027,9,13,0,3,1,2,0,0,0,40,37,0
65,8,27012,5,4,6,4,4,4,0,0,0,50,37,0
61,4,227232,9,13,5,11,1,4,0,0,0,30,37,0
37,3,305379,9,13,2,3,0,4,1,0,0,50,37,1
31,4,113752,11,9,2,3,0,4,1,0,0,40,37,1
20,7,232799,11,9,4,14,3,2,0,0,0,25,37,0
44,5,208277,11,9,2,6,5,4,0,0,0,45,37,0
43,3,207685,11,9,2,6,0,4,1,0,0,40,37,0
40,3,144778,11,9,4,5,1,4,1,0,0,40,37,0
25,3,333677,6,5,2,6,0,4,1,0,0,45,37,0
55,3,144071,9,13,2,12,0,4,1,0,0,18,37,1
32,3,217460,6,5,2,13,0,4,1,0,0,50,37,0
28,3,195573,11,9,2,13,0,4,1,0,0,50,37,0
42,3,374790,6,5,0,2,1,4,1,0,0,40,37,0
61,3,242552,4,3,2,6,5,4,0,0,0,37,14,0
36,0,359249,15,10,5,0,1,2,1,0,0,40,37,0
43,3,114580,15,10,0,0,1,4,0,0,0,40,37,0
38,3,215646,11,9,0,5,1,4,1,0,0,40,37,0
26,3,157617,9,13,4,11,3,4,1,0,0,45,37,0
44,3,99212,15,10,2,6,0,4,1,0,0,35,37,0
41,3,195661,15,10,2,13,0,4,1,0,0,54,37,0
22,7,327060,11,9,4,14,4,2,1,0,0,8,37,0
43,3,88913,15,10,4,5,3,1,0,1055,0,40,37,0
26,3,43408,9,13,2,9,0,4,1,0,0,40,37,0
23,3,127876,15,10,4,7,1,4,0,0,0,35,37,0
61,5,127198,11,9,2,2,0,4,1,0,0,40,10,0
18,3,173255,11,9,4,13,3,4,1,1055,0,25,37,0
23,3,109053,11,9,4,5,2,4,1,0,0,60,37,0
26,3,159732,11,9,4,6,1,4,1,0,0,52,37,0
29,3,121523,1,7,2,13,0,4,1,0,0,60,37,0
45,3,273435,11,9,2,2,0,4,1,0,0,40,37,0
19,3,495982,15,10,4,0,3,4,1,0,0,10,37,0
54,3,88019,15,10,0,13,1,4,1,0,0,55,37,0
53,4,124993,0,6,2,3,0,4,1,0,0,60,37,0
36,3,531055,11,9,2,2,0,4,1,0,1902,48,37,1
35,3,176837,11,9,2,5,0,4,1,0,0,40,37,0
49,3,225124,11,9,0,7,3,2,0,0,0,40,37,0
33,3,166961,1,7,5,11,3,4,0,0,0,20,37,0
31,3,174201,11,9,2,13,0,4,1,0,0,65,37,0
31,3,236861,15,10,2,11,0,4,1,0,0,55,37,1
41,3,101739,7,12,2,3,5,4,0,0,0,50,37,1
67,7,190340,1,7,2,14,0,4,1,0,0,40,37,0
36,5,151094,8,11,5,3,1,4,1,0,0,48,37,0
62,8,159908,15,10,2,0,5,4,0,0,0,16,37,0
23,3,267955,15,10,4,11,1,4,0,0,0,40,37,0
61,3,119684,14,15,2,9,0,4,1,15024,0,20,37,1
45,3,53524,15,10,2,2,0,4,1,0,0,40,37,0
29,3,214689,9,13,4,3,1,4,1,0,0,40,37,0
34,3,231043,8,11,2,0,0,4,1,3908,0,45,37,0
37,3,184456,9,13,2,11,0,4,1,0,0,40,37,1
38,4,225860,11,9,0,3,4,4,1,0,0,40,37,0
56,3,294209,11,9,0,9,1,4,0,0,0,48,37,0
34,3,236318,11,9,4,6,4,4,1,0,0,40,37,0
37,3,32668,9,13,2,6,0,4,1,0,0,43,37,1
30,5,67072,9,13,3,2,1,4,1,6849,0,60,37,0
75,3,233362,0,6,2,13,0,4,1,0,0,40,37,0
39,3,65738,12,14,4,7,1,4,0,0,0,32,37,0
40,3,220589,7,12,4,0,1,4,0,0,0,40,37,0
30,7,101697,9,13,2,14,5,4,0,0,0,20,37,0
54,6,305319,9,13,2,9,0,4,1,0,0,70,37,0
35,3,335777,15,10,0,3,1,4,1,0,0,40,24,0
32,3,549430,11,9,4,8,4,4,0,0,0,40,24,0
28,3,46322,7,12,4,0,1,2,0,0,0,38,37,0
51,3,246519,0,6,2,5,0,4,1,2105,0,45,37,0
65,7,197883,0,6,2,14,0,4,1,0,0,70,37,0
56,6,153451,15,10,0,0,1,4,0,0,0,35,37,0
29,3,606111,9,13,0,3,1,4,0,0,0,40,37,0
65,3,123965,9,13,6,7,1,4,0,0,0,40,37,0
30,3,343699,11,9,0,2,4,4,0,0,0,40,37,0
51,3,306108,10,16,4,9,1,4,1,0,0,40,37,1
35,3,207202,0,6,2,13,0,4,1,0,0,70,37,0
27,3,113464,3,2,4,7,3,3,1,0,0,35,5,0
36,3,183081,15,10,4,3,1,4,1,0,0,40,37,0
35,0,191480,9,13,3,3,1,2,1,0,0,40,37,0
45,3,111979,11,9,2,5,0,4,1,0,0,40,37,0
58,3,150560,9,13,0,0,1,4,0,14084,0,40,37,1
41,3,274363,15,10,5,11,1,4,1,0,0,80,37,1
40,3,439919,6,5,2,6,0,4,1,0,0,40,24,0
23,3,53306,11,9,4,2,1,4,1,0,0,30,37,0
35,3,206253,6,5,4,3,1,4,0,0,0,40,37,0
52,3,71768,15,10,0,0,1,4,0,0,0,40,37,0
32,5,220148,11,9,2,3,0,4,1,0,0,40,37,0
26,3,238367,11,9,2,0,0,4,1,0,0,40,37,0
22,3,228516,11,9,4,6,3,4,1,0,0,40,37,0
26,3,216819,11,9,2,2,0,4,1,0,0,40,37,0
35,4,135289,11,9,2,7,0,4,1,0,0,60,37,0
20,3,110998,15,10,4,0,3,1,0,0,0,30,37,0
56,3,220187,15,10,2,12,0,4,1,0,0,45,37,1
46,3,200569,11,9,2,11,5,4,0,0,0,40,37,0
34,0,419691,9,13,2,10,0,4,1,7298,0,54,37,1
22,7,320451,15,10,4,14,3,1,1,0,0,24,38,0
46,3,116635,9,13,5,9,4,2,0,0,0,36,37,0
23,3,158940,15,10,2,5,0,4,1,0,0,55,37,0
61,3,221447,11,9,4,6,1,2,0,0,0,40,37,0
33,3,216145,11,9,2,2,0,4,1,0,0,40,37,0
28,3,150296,7,12,4,7,1,4,0,0,0,80,37,0
24,1,140647,11,9,4,7,3,2,1,0,0,36,37,0
34,1,191957,9,13,2,2,0,2,1,0,0,45,37,1
43,3,245317,11,9,2,13,0,4,1,0,0,50,37,0
28,3,30070,9,13,2,11,0,4,1,0,0,50,37,0
49,6,247378,15,10,0,9,1,4,0,0,0,20,37,0
17,3,244602,2,8,4,7,3,4,1,0,0,15,37,0
48,3,117251,11,9,6,0,1,4,0,0,0,32,37,0
33,3,279173,11,9,2,9,0,4,1,0,0,60,37,0
42,3,334522,11,9,2,5,0,2,1,0,0,40,37,0
38,5,245090,6,5,2,2,0,4,1,0,0,40,24,0
50,3,421132,11,9,2,2,0,4,1,0,0,40,37,0
28,3,183445,11,9,5,8,3,4,0,0,0,40,12,0
20,3,108887,15,10,4,0,3,4,0,0,0,25,37,0
33,3,35309,9,13,4,3,1,1,1,0,0,40,38,0
18,3,170183,11,9,4,7,3,4,0,0,0,20,37,0
44,3,181265,7,12,0,2,1,4,1,0,0,50,37,0
54,3,191072,9,13,0,5,1,4,1,0,0,35,37,0
20,3,333843,11,9,4,0,3,4,0,0,0,40,37,0
18,7,167875,15,10,4,14,3,4,0,0,0,16,37,0
29,3,29361,11,9,4,7,1,4,0,0,0,38,37,0
41,5,238184,11,9,2,4,5,4,0,0,0,40,37,0
33,4,182714,9,13,4,9,1,4,0,0,0,40,37,0
36,3,398931,11,9,0,2,1,4,1,0,0,40,37,0
24,3,204172,11,9,4,5,3,4,0,0,0,48,37,0
60,5,327474,11,9,2,11,0,4,1,0,0,70,37,0
31,3,403468,15,10,5,7,4,4,0,0,0,50,24,0
34,3,103408,15,10,0,9,1,2,1,0,0,40,10,1
54,3,174319,11,9,0,13,1,4,1,0,0,40,37,0
32,3,114937,9,13,4,9,1,4,1,6849,0,40,37,0
55,3,221801,4,3,2,6,0,4,1,0,0,40,37,0
42,3,209370,11,9,5,11,1,4,0,0,0,30,37,0
33,5,195891,15,10,2,3,0,4,1,0,0,45,37,0
25,3,40915,9,13,4,9,1,4,0,0,0,40,37,0
37,3,264700,11,9,2,12,5,2,0,0,0,35,37,0
61,3,143800,0,6,2,13,0,4,1,0,0,50,37,1
62,5,210064,15,10,6,9,4,4,1,0,0,20,37,0
54,3,106728,9,13,2,12,0,4,1,0,0,40,37,0
41,3,94113,11,9,2,2,0,4,1,99999,0,60,37,1
54,3,161691,12,14,0,9,1,4,0,0,2559,40,37,1
28,3,203710,9,13,4,6,1,4,1,0,0,40,37,0
67,3,92943,11,9,6,0,4,4,0,0,0,21,37,0
40,3,187376,15,10,2,11,0,4,1,0,0,60,37,1
47,3,247379,11,9,4,5,1,4,1,0,0,45,37,0
31,3,103596,11,9,2,13,0,4,1,0,0,65,37,0
23,3,102729,15,10,4,11,3,4,0,0,0,15,37,0
19,3,198663,11,9,4,6,2,4,1,0,0,40,37,0
25,3,165817,9,13,4,3,3,4,1,0,0,40,37,0
27,3,472070,8,11,4,6,1,4,1,0,0,40,37,0
36,1,142573,11,9,2,3,0,4,1,0,0,45,37,1
30,3,124569,12,14,4,9,1,4,0,0,0,16,37,0
51,3,204567,8,11,0,0,4,4,0,0,0,45,37,0
52,7,108211,5,4,2,14,0,4,1,0,0,40,37,0
23,3,175266,15,10,4,2,1,4,1,0,0,40,37,0
59,4,76860,4,3,2,3,0,1,1,99999,0,40,2,1
57,1,22975,12,14,2,3,0,2,1,0,0,40,37,1
49,3,173115,0,6,5,3,1,2,1,4416,0,99,37,0
63,7,156799,11,9,6,14,1,4,0,0,0,4,37,0
39,3,315565,11,9,2,13,0,2,1,0,0,40,4,0
37,3,490871,1,7,2,2,0,2,1,0,0,25,37,0
42,1,227890,9,13,2,3,0,4,1,0,1485,40,37,0
40,3,162098,11,9,0,0,4,4,0,0,0,30,37,0
59,3,32954,8,11,0,9,1,4,0,0,0,36,37,0
34,3,49469,9,13,4,11,1,4,1,99999,0,50,37,1
22,3,535027,15,10,4,13,4,2,1,0,0,15,37,0
49,5,144351,15,10,2,11,0,4,1,0,0,25,37,0
35,3,104329,11,9,0,6,1,4,0,0,0,40,37,0
64,3,278515,11,9,0,0,4,2,0,0,0,40,37,0
65,5,139960,11,9,2,4,0,4,1,10605,0,60,37,1
49,3,332355,11,9,2,3,0,4,1,0,0,40,37,0
40,3,195124,11,9,2,2,0,4,1,0,0,40,3,0
38,3,65738,8,11,0,12,1,4,0,0,0,40,37,0
41,3,303521,9,13,0,9,1,4,1,4650,0,45,37,0
54,4,117674,9,13,2,11,0,4,1,0,0,40,37,1
20,3,122622,15,10,4,4,1,4,0,0,0,40,37,0
37,3,116409,14,15,2,3,0,4,1,0,0,40,37,1
41,3,230020,11,9,2,2,0,3,1,0,0,40,37,0
41,3,287306,11,9,2,9,0,4,1,0,1902,40,37,1
36,3,370767,11,9,2,9,0,4,1,0,2377,60,37,0
56,5,335605,11,9,2,7,0,4,1,0,1887,50,1,1
46,3,200947,11,9,2,5,0,4,1,0,0,35,20,0
20,6,318382,11,9,4,0,1,4,1,0,0,40,37,0
36,3,390243,11,9,4,2,3,2,1,0,0,40,37,0
50,6,161075,11,9,6,12,4,2,0,0,0,40,37,0
29,3,375313,15,10,4,2,1,1,1,0,0,45,28,0
29,3,251905,7,12,2,2,0,4,1,0,0,45,37,0
50,3,110748,15,10,4,9,1,4,1,0,0,40,37,0
57,3,158827,11,9,5,2,4,4,1,0,0,40,37,0
21,3,30796,15,10,4,7,3,4,0,0,0,25,37,0
22,7,51973,15,10,4,14,3,4,0,0,0,30,37,0
44,3,228124,11,9,3,0,4,2,0,0,0,40,37,0
21,3,221661,11,9,4,11,3,4,0,0,0,35,37,0
20,7,173945,1,7,2,14,2,4,0,0,0,39,37,0
36,3,111128,15,10,2,2,0,4,1,0,0,45,37,0
41,3,93885,15,10,0,11,4,4,0,0,0,48,37,0
42,5,133584,15,10,2,2,0,4,1,0,0,40,7,0
25,5,263300,11,9,4,4,1,4,1,0,0,50,37,0
54,5,104748,0,6,2,11,0,4,1,0,0,65,37,0
24,3,195770,15,10,4,3,3,4,1,0,0,40,37,0
43,3,104196,11,9,2,6,0,4,1,0,0,43,37,0
61,6,159908,1,7,6,7,4,4,0,0,0,32,37,1
27,3,119793,9,13,2,2,0,4,1,0,0,40,37,0
24,6,165201,15,10,2,0,5,4,0,0,0,45,37,0
51,3,194259,9,13,0,12,4,4,0,0,0,40,37,0
37,1,593246,9,13,2,9,5,4,0,0,0,50,37,1
61,0,28291,9,13,2,3,5,4,0,0,0,40,37,0
38,6,142022,11,9,2,0,5,2,0,0,0,40,37,0
20,7,81853,15,10,4,14,3,1,0,0,0,15,37,0
36,3,167284,8,11,0,2,1,4,1,0,0,40,37,0
32,3,426467,3,2,4,2,1,4,1,3674,0,40,12,0
35,3,342768,11,9,2,2,0,4,1,0,0,40,37,0
32,3,198660,15,10,2,2,0,4,1,0,0,40,37,0
34,3,27565,8,11,2,2,5,0,0,0,0,27,37,1
29,3,175738,9,13,4,3,1,4,0,0,0,45,37,1
25,3,258276,15,10,4,5,1,0,1,0,0,40,37,0
22,3,440969,15,10,4,7,3,4,0,0,0,24,37,0
31,3,202450,11,9,2,6,0,4,1,0,1573,40,37,0
64,5,339321,9,13,2,9,0,4,1,0,0,24,37,1
55,1,48055,2,8,6,0,1,4,0,0,0,40,37,0
24,3,376755,15,10,4,7,4,4,0,0,0,20,37,0
31,3,210008,11,9,4,11,3,4,0,0,0,40,37,0
53,6,104501,10,16,2,9,0,4,1,0,0,40,38,1
45,6,116892,7,12,0,0,4,2,0,0,0,40,37,0
25,3,476334,15,10,2,2,0,4,1,0,0,40,37,0
25,3,211497,15,10,2,3,0,4,1,0,0,40,37,0
25,3,35854,15,10,3,11,4,4,0,0,0,40,37,0
68,7,257269,9,13,2,14,0,4,1,0,2377,35,37,1
66,7,128614,0,6,2,14,0,4,1,0,0,15,37,1
55,4,298449,10,16,2,9,0,4,1,0,2179,60,37,0
31,3,189461,7,12,0,0,4,4,0,0,0,41,37,0
20,7,122244,11,9,4,14,1,4,0,0,0,28,37,0
65,3,173674,11,9,0,7,2,4,0,0,0,14,37,0
20,3,87546,15,10,4,11,3,4,0,0,0,40,37,0
60,0,67320,11,9,4,0,1,2,0,0,0,40,37,0
40,3,214010,9,13,4,7,1,4,1,0,0,37,37,0
24,3,196280,8,11,4,12,3,4,0,0,0,38,37,0
27,5,32280,11,9,2,4,0,4,1,0,0,40,37,0
29,3,160512,11,9,5,0,3,4,0,0,0,40,37,0
68,7,123464,11,9,2,14,0,4,1,0,0,45,37,0
45,3,154174,11,9,2,2,0,4,1,0,0,50,37,0
31,3,189759,12,14,2,11,0,4,1,0,0,40,37,1
24,3,121313,11,9,2,0,0,4,1,0,0,40,37,0
26,1,242464,11,9,2,10,0,4,1,3103,0,40,37,1
30,3,160594,11,9,2,2,0,4,1,0,0,40,37,0
39,3,160916,7,12,2,12,5,4,0,0,0,45,37,0
41,3,236483,11,9,2,2,0,4,1,0,0,40,37,0
23,3,245302,15,10,0,11,3,2,0,0,0,40,37,0
46,3,265275,12,14,2,9,0,4,1,0,0,60,37,0
23,6,61743,4,3,4,13,1,4,1,0,0,35,37,0
37,3,212512,11,9,2,6,0,4,1,3464,0,50,37,0
60,5,38622,15,10,2,3,0,4,1,0,0,40,37,0
44,5,38122,11,9,0,2,1,4,1,0,0,45,37,0
51,0,914061,15,10,2,0,0,4,1,0,0,44,37,1
38,3,143123,9,13,2,3,0,4,1,0,0,40,37,1
58,3,234213,11,9,0,2,1,4,1,14344,0,48,37,1
20,7,369678,2,8,4,14,1,3,1,0,1602,40,37,0
45,3,168191,15,10,2,12,0,4,1,15024,0,37,37,1
42,5,93099,15,10,2,9,3,4,0,0,0,25,37,0
36,3,250224,11,9,2,2,3,2,0,0,0,40,37,0
19,6,56424,2,8,4,13,3,2,1,0,0,20,37,0
32,3,153152,0,6,2,7,0,4,1,0,2051,38,37,0
24,3,284317,9,13,4,7,3,4,0,0,0,30,37,0
48,5,200471,15,10,2,2,0,4,1,0,0,40,37,0
18,3,452452,0,6,4,8,3,2,0,0,0,20,37,0
44,3,98466,0,6,4,4,4,4,1,0,0,35,37,0
57,3,182062,0,6,2,7,0,4,1,0,0,40,37,0
40,3,340797,15,10,4,6,1,2,0,0,0,40,37,0
36,3,306646,9,13,2,3,0,4,1,0,0,55,37,1
43,4,133060,11,9,2,2,0,4,1,0,0,40,37,0
48,3,182211,11,9,2,2,0,4,1,0,0,44,37,1
50,7,146015,11,9,2,14,0,4,1,0,0,40,37,1
31,6,113129,15,10,4,7,3,4,0,0,0,65,37,0
36,3,103110,10,16,4,9,1,4,1,0,0,40,8,0
46,3,202606,11,9,5,7,1,2,0,0,0,30,13,0
33,3,34848,15,10,2,7,0,4,1,0,0,40,37,0
41,5,233150,11,9,2,3,0,4,1,0,0,60,37,0
47,4,215620,12,14,2,3,0,4,1,15024,0,55,37,1
39,3,347814,7,12,4,7,3,4,0,0,0,56,37,0
41,3,96741,7,12,0,11,4,4,1,0,0,40,37,0
48,3,162096,6,5,2,6,2,1,0,0,0,45,2,0
41,3,606347,5,4,2,13,0,2,1,0,0,40,37,0
49,1,268234,11,9,2,10,0,4,1,0,0,40,37,1
19,7,91278,15,10,4,14,3,4,1,0,0,25,37,0
35,3,354520,9,13,4,3,1,4,0,0,0,50,37,1
77,3,271000,11,9,6,3,1,4,0,0,0,40,37,1
75,4,152519,10,16,6,9,1,4,1,25124,0,20,37,1
28,3,213276,11,9,2,3,0,4,1,0,0,50,37,0
31,3,210562,11,9,2,13,0,4,1,0,0,65,37,0
24,1,184975,9,13,4,9,1,4,0,0,0,40,37,0
41,5,147110,11,9,2,6,0,4,1,0,0,25,37,0
38,3,217349,8,11,0,9,1,4,0,14344,0,40,37,1
34,3,182714,11,9,5,7,1,4,0,0,0,35,38,0
30,3,130369,8,11,5,9,4,4,0,0,0,40,37,0
21,3,219137,0,6,4,7,3,2,1,0,0,25,37,0
26,0,171928,8,11,4,2,3,4,1,0,0,50,22,0
28,3,130067,9,13,2,9,5,4,0,0,0,40,37,1
32,6,119033,11,9,2,13,0,4,1,0,0,40,37,1
45,3,190482,11,9,0,6,4,4,1,0,0,40,37,0
46,3,123681,10,16,0,9,1,4,1,0,0,40,37,0
32,3,40142,9,13,2,3,0,4,1,0,0,40,37,1
67,0,65475,11,9,2,12,0,4,1,0,0,40,37,1
47,4,181130,14,15,2,9,0,4,1,99999,0,50,37,1
63,6,99823,15,10,2,10,0,4,1,0,0,32,37,0
37,5,202683,11,9,2,9,0,4,1,0,0,40,37,0
22,3,283029,6,5,4,2,3,4,1,0,0,54,37,0
36,5,205607,9,13,0,9,1,2,0,0,0,40,37,1
27,3,397962,0,6,2,7,5,2,0,0,0,30,37,0
49,1,106554,9,13,0,9,4,4,0,0,0,40,37,1
58,3,85767,15,10,2,11,0,4,1,0,0,48,37,0
37,5,33394,11,9,2,4,0,4,1,0,0,70,37,0
49,3,154451,1,7,0,6,4,2,0,0,0,35,37,0
29,3,351871,9,13,4,11,1,4,1,0,0,50,37,1
52,3,251585,0,6,2,13,0,4,1,0,0,55,37,0
39,4,285890,15,10,2,9,0,2,1,0,0,40,13,1
35,1,405284,12,14,2,9,5,4,0,0,0,35,37,1
27,3,249315,11,9,2,11,0,4,1,0,0,60,37,0
35,1,107233,11,9,4,0,4,0,1,0,0,55,37,0
36,1,322770,15,10,2,9,0,2,1,0,1887,40,21,1
48,4,85109,15,10,4,2,1,4,1,0,0,45,37,0
48,3,94342,9,13,2,2,0,4,1,0,0,55,37,0
43,3,182521,14,15,0,9,4,4,0,15020,0,35,37,1
60,0,21876,15,10,0,9,1,0,0,0,0,40,37,0
43,0,205675,15,10,2,12,0,4,1,0,0,75,37,1
31,3,594187,11,9,2,6,0,4,1,0,0,40,37,0
28,3,208608,11,9,2,0,5,4,0,0,0,30,37,0
52,3,194580,4,3,0,4,4,4,1,0,0,40,37,0
35,3,89622,11,9,2,13,0,4,1,0,0,40,37,0
31,3,86492,8,11,2,13,0,4,1,0,0,30,37,1
30,1,83066,11,9,2,7,0,2,1,0,0,40,37,0
49,4,362654,15,10,2,3,0,4,1,15024,0,50,37,1
38,3,204756,11,9,4,11,3,4,0,0,0,40,37,0
59,5,172618,0,6,2,2,0,4,1,0,0,50,37,0
37,3,446390,15,10,2,6,5,4,0,0,0,40,37,1
40,3,154374,14,15,2,9,0,4,1,0,0,60,37,1
43,3,282678,11,9,0,3,1,4,0,0,0,60,37,0
18,3,256005,11,9,4,7,3,4,1,0,0,40,37,0
46,4,168211,15,10,2,2,0,4,1,5013,0,60,37,0
50,3,138514,15,10,0,0,4,2,0,0,0,40,37,0
30,3,130021,5,4,2,2,0,4,1,2829,0,40,37,0
44,3,192381,9,13,2,9,0,4,1,0,1848,40,37,1
28,3,106951,11,9,4,5,1,4,1,0,0,42,37,0
32,3,459007,11,9,2,10,0,4,1,0,0,90,37,0
36,7,186815,12,14,2,14,0,4,1,0,0,50,37,0
24,1,176178,7,12,4,9,3,4,0,0,0,2,37,0
60,6,352156,14,15,2,9,0,4,1,0,0,40,37,1
40,6,23037,15,10,4,7,3,0,1,0,0,84,37,0
58,3,107897,9,13,2,3,0,4,1,7688,0,40,37,1
25,3,285367,11,9,0,7,1,4,1,0,0,50,37,0
57,1,62701,15,10,6,3,1,4,1,6849,0,40,37,0
26,3,152129,2,8,4,7,4,2,1,0,0,40,37,0
40,6,258589,12,14,4,2,1,4,1,0,0,80,37,0
21,3,249150,11,9,4,11,3,4,0,0,0,24,37,0
35,3,128876,15,10,2,2,0,4,1,0,0,40,37,0
43,1,211860,11,9,2,2,0,4,1,0,0,40,37,1
31,3,48189,11,9,2,13,0,4,1,0,0,45,37,0
30,3,33945,11,9,2,5,0,4,1,0,0,40,37,0
39,3,38145,15,10,2,6,0,4,1,0,0,60,37,0
56,0,67153,12,14,2,3,0,4,1,0,0,40,30,1
42,3,186376,9,13,2,7,0,1,1,0,0,72,28,1
27,3,183523,9,13,4,3,1,4,1,0,0,45,37,0
44,3,187629,7,12,4,2,1,4,1,0,0,25,37,0
30,3,186145,9,13,0,11,1,4,0,0,0,40,37,0
38,3,179262,15,10,0,0,4,4,0,0,0,30,37,0
41,3,443508,9,13,2,13,0,4,1,0,0,48,1,1
24,3,122272,9,13,4,4,3,4,0,0,0,40,37,0
38,3,31069,8,11,2,2,0,4,1,4386,0,40,37,1
54,3,69477,12,14,2,9,0,4,1,0,1902,60,37,1
27,3,100168,5,4,2,7,5,4,0,0,0,40,37,0
42,3,154374,11,9,2,13,0,4,1,0,0,50,37,1
60,5,187794,11,9,2,13,0,4,1,3103,0,60,37,1
27,3,313479,9,13,4,9,3,4,1,0,0,50,37,0
38,6,312528,9,13,2,3,0,4,1,0,0,37,37,0
23,3,198992,11,9,4,0,3,4,0,0,0,35,37,0
45,4,270079,9,13,2,3,0,4,1,0,0,50,37,1
34,1,43959,11,9,2,7,0,4,1,0,0,50,37,0
19,3,475028,11,9,4,11,3,4,0,0,0,20,37,0
30,3,415922,11,9,2,2,0,3,1,0,0,32,37,0
50,3,193746,11,9,2,3,0,4,1,0,0,60,37,0
37,3,160035,15,10,0,6,1,4,1,0,0,40,37,0
24,3,160261,15,10,4,11,1,1,1,0,0,64,38,0
42,1,137232,11,9,0,10,4,4,0,0,0,50,37,0
25,5,182809,11,9,2,2,0,4,1,7298,0,40,37,1
40,3,136986,15,10,2,6,0,4,1,0,0,50,37,1
20,3,267706,11,9,4,11,4,4,0,0,0,38,37,0
52,5,189216,11,9,0,13,1,4,1,0,0,65,37,0
38,3,179668,9,13,2,9,0,4,1,0,0,50,37,1
50,3,124094,11,9,2,2,0,4,1,0,0,40,29,0
38,6,203628,9,13,2,9,0,4,1,0,0,45,37,1
25,3,51392,8,11,0,0,4,4,0,0,0,40,37,0
24,3,404416,15,10,4,5,1,4,1,0,0,40,37,0
38,3,149347,11,9,2,2,0,4,1,0,0,40,37,1
37,3,201531,7,12,2,6,0,4,1,0,0,40,37,1
53,1,188644,4,3,2,7,0,4,1,0,0,40,24,0
22,7,88126,15,10,4,14,3,4,1,0,0,40,37,0
19,7,208874,15,10,4,14,3,4,1,0,0,40,37,0
64,3,181530,14,15,2,9,0,4,1,0,0,40,37,1
19,3,187724,15,10,4,7,3,4,0,0,0,25,37,0
47,5,192053,5,4,2,3,0,4,1,0,0,55,37,1
42,3,185057,11,9,5,0,4,4,0,0,0,35,32,0
39,3,269323,15,10,2,3,0,4,1,0,0,40,37,1
51,5,74160,12,14,0,9,4,4,1,0,0,60,37,1
71,3,182395,9,13,4,2,1,4,1,11678,0,45,37,1
38,1,29075,15,10,2,0,5,0,0,5013,0,40,37,0
33,3,107142,2,8,4,2,4,4,1,0,0,40,37,0
51,3,96609,15,10,2,2,0,4,1,0,0,40,37,0
25,3,108779,12,14,5,7,3,4,0,0,0,40,37,0
41,0,197069,15,10,3,0,1,2,1,4650,0,40,37,0
27,3,97165,15,10,4,6,2,4,0,0,0,40,37,0
53,4,110445,15,10,2,4,0,4,1,0,0,60,37,0
25,3,335522,6,5,4,5,1,4,1,0,0,40,24,0
61,1,95450,9,13,2,3,0,4,1,5178,0,50,37,1
20,3,138994,11,9,4,11,3,1,0,0,0,40,39,0
41,3,99679,0,6,2,2,0,4,1,0,0,40,37,0
36,3,348960,15,10,2,2,0,4,1,0,0,40,37,0
55,3,190257,11,9,2,4,0,4,1,0,0,53,37,1
61,3,149653,11,9,2,3,0,4,1,0,0,50,37,0
52,3,229983,14,15,2,9,5,4,0,3103,0,30,37,1
39,5,341643,11,9,5,2,1,4,1,0,1669,50,37,0
59,0,134153,9,13,2,0,0,2,1,7298,0,38,37,1
33,3,169879,9,13,2,9,0,4,1,3103,0,47,37,1
35,1,27763,11,9,2,7,0,0,1,0,0,40,37,0
90,3,313986,1,7,4,5,3,4,1,0,0,40,37,0
32,3,97306,9,13,4,0,1,4,0,0,0,48,37,0
32,3,131224,11,9,2,9,0,4,1,0,0,40,37,0
51,6,167065,11,9,2,3,0,4,1,0,0,40,37,0
29,3,271466,8,11,4,9,1,4,1,0,0,43,37,0
36,3,212433,11,9,4,2,3,2,1,0,0,40,37,0
33,3,119017,15,10,0,0,4,4,0,0,0,50,37,0
43,5,183479,11,9,2,2,0,4,1,0,0,30,37,0
23,3,200207,11,9,0,5,3,4,1,0,0,44,37,0
59,0,115842,11,9,2,9,0,4,1,0,0,40,37,0
20,3,27337,11,9,4,5,3,0,1,0,0,48,37,0
37,3,103408,11,9,4,4,1,2,1,0,0,40,37,0
30,3,24292,9,13,2,11,0,4,1,0,0,45,37,1
28,1,216965,15,10,2,10,0,4,1,0,0,40,37,0
19,7,426589,11,9,4,14,3,4,0,0,0,15,37,0
43,3,144778,11,9,2,3,0,4,1,0,0,50,37,1
30,0,164552,9,13,4,9,1,4,1,0,1876,40,37,0
70,7,30140,6,5,4,14,4,4,1,0,0,40,37,0
53,3,165745,11,9,2,2,0,4,1,0,0,40,37,0
24,3,95984,8,11,4,11,1,4,1,0,0,55,37,0
28,3,126129,15,10,4,0,1,4,0,0,0,40,37,0
19,7,309284,15,10,4,14,1,4,1,0,0,40,37,0
24,3,107882,11,9,4,11,1,4,0,0,0,40,37,0
43,5,271665,11,9,2,11,0,4,1,0,0,45,37,0
32,0,177855,11,9,2,2,0,4,1,0,0,55,37,1
30,3,35644,1,7,2,5,0,4,1,0,0,50,37,0
46,3,72896,15,10,2,3,0,4,1,0,0,50,37,0
32,5,62272,11,9,0,3,4,4,0,0,0,40,37,0
40,4,132222,11,9,2,3,0,4,1,0,0,40,37,0
27,3,405177,11,9,4,0,3,4,0,0,0,35,37,0
51,3,154342,5,4,2,10,0,4,1,0,0,40,37,0
33,3,131776,9,13,0,9,4,4,0,914,0,40,10,0
24,3,266467,8,11,4,6,3,4,1,0,0,40,37,0
37,3,175130,11,9,0,0,4,4,0,0,0,45,37,0
56,3,160932,11,9,2,13,0,4,1,0,0,44,37,1
50,6,54342,11,9,2,13,0,4,1,0,0,40,37,0
18,7,151404,1,7,4,14,3,4,0,0,0,15,37,0
31,3,264864,11,9,2,6,5,0,0,0,0,40,37,0
54,3,420691,3,2,2,7,0,4,1,0,0,40,24,0
26,3,126829,15,10,4,11,1,4,1,0,0,40,37,0
36,3,271767,9,13,5,9,1,4,1,0,0,40,38,0
29,3,196116,14,15,0,9,3,4,0,2174,0,72,37,0
37,3,50837,12,14,2,9,0,4,1,0,0,45,37,1
46,3,465974,1,7,4,13,3,4,1,0,0,30,37,0
44,5,156687,11,9,2,4,0,1,1,0,0,42,22,0
24,3,283757,9,13,4,0,3,4,1,0,0,39,37,0
30,3,337494,7,12,4,6,1,4,1,0,0,48,37,0
32,5,420895,9,13,2,11,0,4,1,0,0,47,37,0
40,5,192878,11,9,2,7,0,4,1,0,0,40,37,0
23,6,199915,11,9,4,7,3,4,0,0,0,21,37,0
25,3,105930,11,9,4,7,3,4,0,0,0,40,37,0
43,1,94937,9,13,2,9,5,4,0,0,0,28,37,0
50,3,124963,9,13,2,3,0,4,1,99999,0,55,37,1
31,3,118941,15,10,4,3,1,4,0,0,0,40,37,1
27,3,165365,11,9,2,6,0,1,1,2885,0,40,23,0
41,0,186601,11,9,5,3,1,2,0,0,0,40,37,0
28,3,198197,9,13,4,9,1,4,1,0,0,55,37,1
32,3,262024,11,9,4,7,3,2,1,0,0,38,37,0
60,1,129193,15,10,6,4,1,4,1,0,0,40,37,0
18,3,115258,0,6,4,2,4,4,1,0,0,40,37,0
32,3,94939,15,10,2,6,0,4,1,0,0,48,37,0
35,3,133839,11,9,2,2,0,4,1,0,0,60,37,1
36,3,127306,11,9,4,0,1,4,0,0,0,47,37,0
21,3,216867,15,10,4,5,3,4,1,0,0,40,37,0
40,1,50442,15,10,4,0,4,0,0,2977,0,35,37,0
46,3,141058,11,9,2,2,0,4,1,7298,0,40,37,1
42,6,219553,12,14,0,9,1,4,0,0,0,38,37,0
46,3,95636,15,10,0,5,1,4,1,0,0,45,37,0
41,3,324629,9,13,2,3,0,4,1,0,0,40,40,0
53,3,302868,9,13,2,11,0,4,1,0,0,50,37,1
40,3,271665,15,10,2,12,0,4,1,0,0,50,37,0
30,3,128016,9,13,4,3,1,4,0,0,0,55,37,0
44,6,307468,8,11,2,10,0,4,1,0,0,50,37,1
58,3,34169,15,10,2,11,0,4,1,3103,0,25,37,1
22,7,52596,15,10,4,14,3,4,1,0,0,15,38,1
49,3,148549,9,13,2,3,0,4,1,0,1902,50,37,1
40,3,266084,15,10,0,2,2,4,1,0,0,50,37,0
19,3,351040,15,10,4,0,3,4,0,0,0,40,31,0
55,3,171015,11,9,6,11,4,4,0,0,0,40,37,0
33,3,131934,11,9,0,3,1,4,0,0,0,45,37,0
30,3,229895,0,6,0,7,4,4,0,0,0,40,37,0
24,3,258730,11,9,0,7,3,4,0,0,0,40,22,0
18,3,64253,1,7,4,11,3,2,0,0,0,20,37,0
45,4,177543,11,9,2,11,5,4,0,0,0,50,37,0
34,4,174215,12,14,4,3,1,4,0,4787,0,45,9,1
34,3,185063,15,10,2,6,0,4,1,0,0,45,37,1
43,3,176138,9,13,2,3,0,4,1,0,0,50,37,0
52,3,164519,11,9,6,0,2,2,0,0,0,40,37,0
43,3,184105,11,9,2,5,0,4,1,0,0,50,37,0
38,3,234298,9,13,0,3,1,4,1,6849,0,60,37,0
34,3,112212,11,9,2,0,0,4,1,0,1485,40,37,0
66,3,199374,12,14,6,11,4,4,0,0,0,20,37,0
32,3,344696,15,10,4,6,4,4,0,0,0,40,37,0
43,7,35523,7,12,0,14,1,4,0,0,0,35,37,0
26,3,63577,15,10,4,7,1,4,0,0,0,30,37,0
54,3,192862,11,9,0,3,4,4,0,0,0,45,37,0
52,3,114971,15,10,2,2,0,4,1,0,0,40,37,1
52,3,308764,15,10,0,3,4,4,0,0,0,40,37,0
34,3,94413,11,9,2,13,0,4,1,0,0,40,37,1
37,3,171393,11,9,2,11,0,4,1,0,1740,40,37,0
33,3,93206,4,3,2,4,0,1,1,0,0,40,28,0
51,3,269080,5,4,6,7,4,2,0,0,0,40,37,0
46,0,227310,15,10,4,0,4,2,0,0,0,40,37,0
26,0,337575,9,13,4,9,1,4,1,0,0,40,37,1
41,3,219155,5,4,2,13,0,4,1,0,0,40,20,0
24,3,249909,11,9,2,5,0,4,1,0,0,50,37,0
39,3,148903,11,9,0,11,1,4,0,4687,0,50,37,1
31,3,257863,15,10,0,7,1,4,0,0,0,15,37,0
32,3,177675,11,9,4,2,3,4,1,0,0,40,37,0
38,3,132879,11,9,2,2,0,4,1,7298,0,50,37,1
50,4,249644,11,9,2,3,0,4,1,0,0,50,37,1
25,3,279833,9,13,4,11,1,4,1,0,1590,44,37,0
28,3,402771,11,9,3,0,3,4,0,0,0,40,37,0
32,3,64658,11,9,0,2,1,4,1,0,0,40,37,0
41,3,185057,11,9,4,3,4,4,0,0,0,40,37,0
72,5,104090,9,13,2,3,0,4,1,0,0,40,32,0
28,0,72514,15,10,4,0,1,2,0,0,0,72,37,0
44,5,172479,11,9,2,4,0,4,1,15024,0,60,37,1
38,3,233197,15,10,0,0,1,2,1,0,0,40,37,0
32,3,302845,11,9,2,3,5,4,0,0,0,48,37,0
62,4,123749,15,10,2,2,0,4,1,0,0,90,37,0
31,3,133861,7,12,0,3,1,4,1,0,0,40,37,0
43,3,580591,3,2,3,4,1,4,1,0,0,28,24,0
35,3,34996,15,10,4,7,1,4,0,0,0,30,37,0
24,3,214542,15,10,4,2,3,4,1,0,0,60,1,0
22,3,161532,15,10,4,5,3,4,1,0,0,35,37,0
44,3,351262,15,10,2,2,0,2,1,0,0,38,37,1
26,3,247455,9,13,2,11,5,4,0,5178,0,42,37,1
54,7,187221,5,4,4,14,1,4,0,0,0,25,37,0
26,3,165510,11,9,0,2,4,4,1,0,0,40,37,0
40,5,243636,9,13,2,11,0,4,1,0,0,50,37,1
17,3,206506,0,6,4,5,2,4,1,0,0,10,7,0
23,3,161478,15,10,4,7,3,1,0,0,0,23,37,0
24,3,194630,9,13,4,9,1,4,1,0,0,35,37,0
29,3,53063,9,13,4,9,1,4,1,0,0,40,37,0
22,3,205839,15,10,4,7,1,4,1,0,0,45,37,0
23,3,124971,15,10,0,0,1,4,1,0,0,40,37,0
44,3,313022,8,11,2,3,0,2,1,0,0,40,37,1
48,0,110457,15,10,0,3,1,4,1,0,0,40,37,0
31,3,226443,9,13,2,9,0,4,1,0,0,40,37,0
67,3,247566,11,9,2,10,0,4,1,0,0,24,37,0
40,0,107584,9,13,2,2,0,4,1,0,0,40,37,1
26,6,252284,15,10,2,10,0,4,1,0,0,40,37,0
41,3,218172,9,13,3,3,1,4,0,13550,0,60,37,1
53,5,284329,12,14,0,3,1,4,1,0,0,50,37,1
49,7,32184,11,9,2,14,5,4,0,5013,0,15,37,0
33,3,220860,11,9,0,13,1,4,1,0,0,45,37,0
26,5,219897,12,14,4,9,1,4,0,0,0,50,37,0
30,3,340917,11,9,4,2,1,4,1,0,0,40,37,0
33,3,67072,11,9,2,11,0,4,1,0,0,50,37,1
47,3,264052,9,13,2,3,0,4,1,15024,0,50,37,1
48,3,86009,8,11,2,2,0,4,1,0,0,40,37,1
66,4,179951,9,13,2,3,0,4,1,0,0,70,37,0
20,3,197752,15,10,4,0,3,4,1,0,0,16,37,0
42,3,195755,11,9,5,2,4,4,1,0,0,40,37,0
65,3,155632,11,9,2,5,0,4,1,0,0,25,37,0
41,3,439919,4,3,2,4,0,4,1,3411,0,40,24,0
62,3,190491,10,16,2,9,0,4,1,15024,0,45,37,1
55,5,119762,0,6,2,13,0,4,1,0,0,50,37,0
36,3,199346,12,14,2,9,5,4,0,0,0,50,37,1
45,1,127678,8,11,2,10,0,4,1,0,0,60,37,1
45,3,140644,11,9,2,6,0,4,1,0,0,40,37,0
46,3,199378,14,15,4,9,1,4,1,0,0,90,37,0
34,3,119422,8,11,2,6,0,4,1,0,1672,50,37,0
55,3,185436,15,10,2,3,0,4,1,0,0,70,37,1
25,3,22546,9,13,4,13,3,4,1,0,0,60,37,0
35,3,171393,11,9,2,13,0,4,1,0,0,50,37,0
34,0,198265,9,13,2,10,0,4,1,0,0,60,37,0
21,3,123727,11,9,4,3,2,4,0,0,0,40,37,0
21,7,96844,11,9,2,14,2,4,0,0,0,40,37,0
45,3,205424,15,10,2,11,0,4,1,0,0,65,37,1
44,3,132849,12,14,4,2,4,2,0,0,0,40,37,0
26,6,203279,14,15,4,9,1,1,1,2463,0,50,17,0
52,5,240013,12,14,2,11,0,4,1,0,0,70,37,0
40,6,269733,8,11,4,2,1,4,1,0,0,40,37,0
44,3,34218,9,13,0,9,1,4,1,0,0,45,37,0
39,3,163392,11,9,2,11,0,1,1,0,0,26,38,0
32,3,204792,1,7,2,4,0,4,1,0,0,40,37,0
26,3,247196,15,10,4,5,3,4,1,0,0,35,37,0
44,4,226027,15,10,2,3,0,4,1,0,0,60,37,0
20,3,347391,15,10,4,10,1,2,1,0,0,60,37,0
30,3,352105,9,13,4,9,1,2,0,0,0,40,37,0
43,4,210013,15,10,4,3,1,4,1,0,0,50,37,1
36,3,329980,9,13,4,3,1,4,1,27828,0,40,37,1
52,3,153155,11,9,2,2,0,4,1,15024,0,40,37,1
25,3,252752,15,10,4,9,1,4,0,0,0,8,37,0
42,3,194636,9,13,2,9,0,4,1,0,0,45,37,1
59,5,140957,8,11,4,3,1,4,1,0,0,35,37,1
65,1,32846,15,10,0,0,1,4,0,2964,0,35,37,0
20,3,177287,11,9,4,3,3,4,0,0,0,40,37,0
33,3,178107,9,13,4,2,3,4,1,0,0,20,37,0
46,4,161386,6,5,2,0,5,4,0,0,0,50,37,0
23,3,228724,15,10,4,9,1,4,1,0,0,20,37,0
21,3,191789,15,10,4,0,3,4,0,0,0,10,38,0
48,3,109814,14,15,2,9,0,4,1,0,1977,45,37,1
55,3,160662,10,16,2,3,0,4,1,0,0,80,37,1
51,0,254211,12,14,6,11,4,4,1,0,0,50,7,1
50,4,262777,12,14,5,3,4,1,1,0,0,45,2,0
35,4,242080,9,13,2,9,0,4,1,7298,0,45,37,1
33,3,192644,10,16,2,9,0,4,1,0,1977,90,37,1
21,3,145119,15,10,4,7,3,1,1,0,0,20,37,0
49,3,64216,11,9,0,13,1,4,1,0,0,90,37,0
46,6,273771,11,9,2,12,0,4,1,0,0,40,37,0
45,3,155489,15,10,2,11,0,4,1,0,0,60,37,1
49,4,44671,7,12,2,2,0,4,1,0,0,40,37,1
38,4,282951,15,10,0,9,1,4,1,0,0,40,37,0
33,3,304833,9,13,2,11,0,4,1,0,0,45,37,1
21,5,57298,15,10,4,0,3,4,0,0,0,15,37,0
47,3,70209,11,9,0,0,4,4,0,0,0,40,37,0
23,3,299047,9,13,4,11,1,4,0,0,0,40,37,0
58,3,270131,4,3,6,7,4,4,0,0,0,70,24,0
31,3,158144,15,10,4,0,1,4,0,0,0,40,37,0
51,3,245873,15,10,2,0,5,4,0,0,0,40,37,0
34,3,314646,6,5,2,2,0,4,1,0,0,40,37,0
63,3,125954,5,4,2,13,0,4,1,0,0,44,37,1
42,1,150533,12,14,2,10,0,4,1,7688,0,35,37,1
44,1,262241,11,9,2,0,2,4,0,0,0,40,37,0
51,3,53197,15,10,2,2,0,4,1,0,0,40,37,1
35,5,37778,8,11,2,4,0,4,1,3103,0,55,37,0
23,3,121471,9,13,4,0,1,4,0,0,0,40,37,0
51,3,150999,15,10,2,2,0,4,1,7298,0,40,37,1
28,3,208249,15,10,0,12,1,4,1,0,0,24,37,0
38,3,105017,11,9,0,2,4,4,1,0,0,40,37,0
61,3,153048,11,9,6,11,1,4,0,0,0,35,37,0
46,1,180010,9,13,2,9,5,4,0,0,0,40,37,1
72,3,157593,9,13,2,11,0,4,1,1455,0,6,37,0
38,1,140854,11,9,2,10,0,4,1,0,0,40,37,1
42,3,273230,9,13,2,9,0,4,1,0,0,90,37,0
20,1,163965,11,9,4,7,4,2,0,0,0,40,37,0
52,5,182187,11,9,2,13,0,2,1,0,0,40,13,1
43,4,140988,9,13,2,11,2,1,1,0,0,45,17,0
35,3,138992,12,14,2,9,2,4,1,7298,0,40,37,1
20,3,247564,11,9,4,5,3,4,1,0,0,35,37,0
51,6,22211,11,9,0,3,1,4,1,0,0,37,37,1
26,3,166301,9,13,4,12,1,4,1,0,0,40,37,0
27,3,373545,11,9,4,5,1,4,1,0,0,40,37,0
39,3,101782,11,9,0,11,1,4,0,0,0,40,37,0
24,3,278130,9,13,4,9,1,4,1,0,0,40,37,0
41,3,117585,11,9,2,13,0,4,1,0,1977,50,37,1
36,3,207853,9,13,2,11,0,4,1,15024,0,65,37,1
34,3,202498,2,8,2,7,0,4,1,0,0,40,5,0
26,3,195216,11,9,0,7,1,4,0,0,0,12,37,0
26,3,120238,9,13,4,11,2,4,1,0,0,40,37,0
33,3,133861,11,9,2,2,0,4,1,0,0,62,37,0
38,3,119992,15,10,2,9,0,4,1,0,0,40,37,0
56,3,290641,9,13,2,3,0,4,1,0,0,50,37,1
51,3,217480,15,10,5,0,1,2,1,8614,0,40,37,1
22,3,99199,15,10,4,5,3,4,1,0,0,20,37,0
22,3,272615,1,7,4,2,3,4,1,0,0,40,37,0
33,1,93585,12,14,4,9,1,4,0,0,0,40,37,0
36,7,187203,8,11,0,14,3,4,1,0,0,50,37,0
54,3,144586,15,10,2,11,5,4,0,0,0,40,37,1
24,3,19513,11,9,4,11,3,0,0,0,0,40,37,0
60,3,24872,15,10,5,13,1,0,0,0,0,30,37,0
50,3,86373,11,9,2,6,0,4,1,0,0,50,37,0
28,7,223745,15,10,4,14,4,4,0,0,0,40,37,0
50,5,167380,5,4,2,4,0,4,1,0,0,40,37,0
35,1,191779,15,10,2,2,0,4,1,0,0,40,37,1
50,3,121411,2,8,0,13,1,4,1,0,0,40,37,0
37,3,238049,6,5,4,8,1,4,0,0,0,30,7,0
23,3,256211,15,10,4,0,1,1,1,0,0,24,39,0
25,3,104746,15,10,2,5,0,4,1,0,0,16,37,0
32,3,211699,7,12,2,3,5,4,0,0,1485,40,37,1
35,3,225860,8,11,2,2,0,4,1,0,0,40,37,1
18,3,51789,15,10,4,7,3,4,1,0,0,8,37,0
33,1,177216,11,9,2,13,0,2,1,0,0,40,37,0
24,3,193130,15,10,4,0,3,4,0,0,0,40,37,0
28,3,233796,15,10,2,0,5,4,0,7298,0,32,37,1
47,1,39986,9,13,2,9,0,4,1,0,0,40,37,0
37,1,165883,11,9,2,5,0,2,1,0,0,40,37,0
33,7,211743,11,9,2,14,0,4,1,0,0,21,37,0
24,3,275884,11,9,5,7,4,2,0,0,0,40,37,0
34,3,441454,11,9,4,11,1,4,0,0,0,24,37,0
47,1,114459,12,14,2,9,0,4,1,7688,0,45,37,1
22,3,313730,7,12,4,4,1,2,0,0,0,40,37,0
45,5,48553,15,10,2,2,0,4,1,0,0,60,37,0
28,3,190060,11,9,2,11,0,4,1,0,0,40,37,1
31,3,398988,15,10,4,3,1,4,1,0,0,40,37,0
17,3,117798,0,6,4,7,3,4,1,0,0,20,37,0
56,3,139616,9,13,0,3,1,4,1,0,0,45,37,1
58,1,100054,12,14,2,9,0,4,1,0,0,40,37,1
36,3,373952,0,6,2,6,0,4,1,0,0,40,37,0
66,3,30740,11,9,4,12,1,4,0,0,0,15,37,0
39,3,242922,11,9,4,12,1,2,1,0,0,35,37,0
19,3,109854,11,9,4,0,3,4,0,0,0,40,37,0
26,3,463194,11,9,2,2,0,4,1,0,0,40,37,0
46,6,171926,12,14,0,3,4,4,1,7430,0,50,37,1
44,3,178134,14,15,4,9,1,4,0,0,0,40,37,1
82,3,152148,5,4,2,5,0,4,1,0,0,2,37,0
26,3,239043,1,7,4,7,1,4,1,0,0,40,37,0
27,3,104329,1,7,2,11,0,4,1,0,0,40,37,0
26,3,292692,2,8,4,2,1,4,1,0,0,40,24,0
29,3,161155,7,12,2,9,0,4,1,0,0,50,37,0
36,3,295706,12,14,2,3,0,4,1,0,0,70,37,1
27,1,67187,11,9,0,0,1,0,0,0,0,33,37,0
52,3,175714,7,12,2,3,0,4,1,0,0,55,37,1
41,5,254818,12,14,0,5,4,4,1,0,0,40,27,0
28,3,273269,15,10,4,2,1,2,1,0,0,40,37,0
20,7,313045,15,10,4,14,3,4,0,0,0,40,37,0
23,5,72143,9,13,4,3,1,4,0,0,0,40,37,0
34,3,113708,2,8,2,2,0,4,1,0,0,59,37,1
25,5,368115,9,13,4,3,1,4,1,13550,0,35,37,1
43,3,198316,15,10,2,2,0,4,1,0,0,40,37,0
39,3,249720,9,13,0,3,4,2,0,0,0,60,37,0
70,3,195739,0,6,6,2,4,4,1,0,0,45,37,0
26,3,109457,0,6,2,2,2,4,1,0,0,48,37,0
45,3,323798,9,13,2,3,0,4,1,7298,0,53,37,1
20,3,290504,11,9,4,7,2,4,1,0,0,40,37,0
46,0,199725,8,11,0,2,1,0,0,0,0,60,37,0
26,1,345779,9,13,4,9,1,4,1,0,0,43,37,0
27,3,211032,3,2,4,2,1,4,1,0,0,40,24,0
36,3,338033,15,10,0,11,4,4,0,0,0,40,37,0
41,3,175674,9,13,2,12,0,4,1,0,0,40,37,1
57,1,47392,11,9,2,3,0,4,1,0,0,40,37,1
58,3,182123,11,9,2,6,0,4,1,0,0,44,37,0
25,4,98756,15,10,0,0,3,4,0,0,0,50,37,0
25,3,188488,11,9,4,6,2,4,1,0,0,40,37,0
49,4,187563,15,10,2,13,0,4,1,0,0,50,37,1
27,3,445365,9,13,4,0,1,4,1,0,0,40,37,0
23,3,119704,15,10,5,11,4,4,0,0,0,40,37,0
43,3,167265,9,13,2,2,0,4,1,0,0,84,37,1
25,3,193051,11,9,4,3,3,4,1,0,0,25,37,0
22,3,67234,11,9,4,5,4,4,1,0,0,45,37,0
51,3,441637,11,9,2,12,0,4,1,0,0,40,37,0
20,3,250165,11,9,2,11,0,4,1,0,0,40,37,0
17,7,44789,15,10,4,14,3,4,1,0,0,15,37,0
36,3,250791,11,9,2,5,0,4,1,0,0,48,37,0
30,3,261677,6,5,4,5,4,2,1,0,0,40,37,0
44,0,151933,15,10,2,0,0,4,1,0,1485,40,37,1
49,3,122385,12,14,2,3,0,4,1,0,0,40,37,1
63,4,189253,15,10,2,3,0,4,1,0,0,45,37,1
36,3,67728,11,9,2,2,0,4,1,5013,0,40,20,0
23,3,259496,11,9,4,6,3,4,0,0,0,40,37,0
32,3,184833,0,6,5,2,4,4,0,0,0,40,37,0
28,5,125442,11,9,0,2,3,4,1,0,0,40,37,0
21,3,265356,15,10,4,11,2,4,1,0,0,40,37,0
28,1,257124,12,14,4,9,1,4,1,0,0,55,37,0
18,3,308739,11,9,4,0,3,4,0,0,0,20,37,0
51,7,189762,15,10,2,14,5,4,0,0,0,18,37,0
17,1,195262,1,7,4,2,3,4,1,0,0,35,37,0
70,3,105376,15,10,4,12,2,4,1,0,0,40,37,0
39,6,144860,9,13,2,3,0,4,1,0,0,40,37,0
22,7,35448,11,9,2,14,5,4,0,0,0,22,37,0
51,3,299831,8,11,4,9,3,4,0,0,0,40,37,0
22,3,215917,11,9,2,2,0,0,1,0,0,40,37,0
42,1,55363,12,14,2,9,0,4,1,0,0,55,37,1
43,3,255586,11,9,0,6,4,4,1,0,0,40,37,0
28,3,185647,15,10,2,2,0,4,1,0,0,45,37,0
40,1,39581,14,15,5,9,3,2,0,0,0,40,37,0
39,1,139364,9,13,2,9,0,4,1,0,0,35,37,1
35,3,85399,11,9,4,6,1,4,0,0,0,40,37,0
46,3,203039,9,13,2,11,0,4,1,0,0,48,37,0
38,3,241998,2,8,2,2,0,4,1,7688,0,40,37,1
21,3,172047,15,10,4,12,3,4,1,0,0,20,37,0
52,3,117295,3,2,2,3,0,4,1,0,0,50,37,1
32,4,199765,9,13,2,2,0,4,1,7688,0,50,37,1
29,3,131045,8,11,5,0,4,4,0,0,0,40,37,0
35,3,197719,15,10,4,6,2,0,1,0,0,40,37,0
21,3,86625,15,10,4,6,3,4,1,0,0,40,38,0
30,3,226296,12,14,2,9,0,4,1,0,0,40,37,1
58,3,190747,11,9,2,6,0,4,1,0,0,40,37,0
52,3,292110,4,3,4,5,1,4,0,0,0,40,37,0
32,3,154950,14,15,4,9,1,4,1,0,0,40,37,0
38,3,197711,0,6,0,6,1,1,0,0,0,40,30,0
39,3,115289,7,12,2,12,0,4,1,0,0,40,9,1
59,3,127728,15,10,2,12,0,4,1,0,0,40,37,1
38,5,238980,15,10,4,11,1,4,1,0,0,60,37,0
35,5,31095,8,11,4,4,1,4,1,0,0,60,37,0
46,5,97176,15,10,2,3,5,4,0,0,0,50,37,0
39,3,174343,6,5,2,2,0,4,1,0,0,40,37,0
61,6,124971,10,16,2,9,0,4,1,0,0,40,38,1
45,3,90758,9,13,2,3,0,4,1,0,0,55,37,1
29,3,425830,7,12,4,11,1,4,1,0,0,40,37,0
22,3,324685,6,5,4,11,1,4,0,0,0,32,37,0
34,3,209808,15,10,2,0,0,4,1,0,0,40,37,1
46,4,198660,9,13,2,11,0,4,1,99999,0,72,37,1
19,3,114066,15,10,4,0,3,4,0,0,0,26,37,0
42,3,201343,11,9,2,2,0,4,1,2885,0,40,37,0
58,3,111209,11,9,2,4,0,4,1,0,0,45,37,0
59,3,129762,15,10,4,0,4,4,0,0,0,40,32,0
49,3,84013,11,9,0,7,4,4,0,0,0,35,37,0
47,3,162067,12,14,2,0,0,2,1,0,0,40,13,0
37,3,198097,11,9,2,2,0,4,1,0,0,60,37,0
33,3,373662,3,2,3,8,1,4,0,0,0,40,12,0
58,3,205410,11,9,2,6,0,4,1,0,0,40,37,0
42,5,185129,14,15,2,9,0,4,1,0,1887,40,37,1
47,3,31141,12,14,2,12,0,4,1,0,0,40,37,1
55,0,174533,9,13,5,7,4,4,0,0,0,72,38,0
50,3,178530,14,15,2,9,0,4,1,0,0,60,37,1
31,3,103772,15,10,0,0,1,4,0,0,0,40,37,0
48,1,39464,12,14,4,9,1,4,0,0,0,52,37,0
24,1,32950,9,13,4,9,1,4,1,0,0,35,37,0
31,1,189265,11,9,4,0,1,4,0,0,0,40,37,0
35,3,108540,11,9,2,2,0,4,1,3137,0,40,37,0
32,3,294121,7,12,0,6,1,4,0,0,0,50,37,0
31,3,213002,2,8,4,11,1,4,1,4650,0,50,37,0
28,3,274579,11,9,2,13,0,4,1,0,0,60,37,0
49,1,343231,12,14,4,9,1,4,0,0,0,80,37,0
44,0,239539,9,13,2,0,0,1,1,0,0,40,28,1
35,3,250988,9,13,2,11,0,4,1,0,0,40,37,1
38,5,166497,14,15,4,9,1,4,1,0,0,60,37,1
25,1,249214,15,10,4,0,4,2,0,0,0,40,37,0
42,3,130760,15,10,2,6,0,4,1,0,0,40,37,0
38,5,43712,1,7,2,3,0,4,1,0,1887,45,37,1
47,3,160474,11,9,2,3,5,4,0,0,0,30,37,1
43,3,221172,9,13,0,3,1,4,1,0,0,35,37,0
22,3,58222,11,9,2,2,0,4,1,0,0,40,37,0
27,3,212041,9,13,4,2,1,4,1,0,0,50,37,0
55,3,92847,5,4,6,8,4,4,0,0,0,30,37,0
59,3,159048,11,9,0,7,1,4,0,0,0,40,37,0
56,0,277420,9,13,2,3,0,4,1,0,0,40,31,1
18,3,336523,2,8,4,7,2,2,1,0,0,20,37,0
43,3,104196,15,10,2,0,0,4,1,0,0,40,37,0
21,3,191444,1,7,4,4,4,4,1,0,0,40,37,0
34,3,226525,8,11,4,7,3,4,1,0,0,40,37,0
58,3,136841,9,13,2,9,5,4,0,99999,0,35,37,1
76,5,236878,11,9,2,2,0,4,1,0,0,30,37,0
29,3,122127,9,13,4,9,1,4,0,8614,0,40,37,1
27,3,85251,15,10,2,13,0,4,1,0,0,45,37,0
31,3,138416,4,3,2,5,0,4,1,0,0,56,24,0
22,3,220603,15,10,4,11,3,4,0,0,0,25,37,0
31,6,33308,8,11,2,2,0,4,1,0,0,40,37,0
43,3,316820,7,12,2,3,0,4,1,7688,0,40,37,1
58,3,301867,11,9,2,4,0,4,1,0,0,40,37,0
41,3,187802,15,10,4,5,1,4,1,0,0,40,37,0
30,3,270886,15,10,4,7,3,4,0,0,0,40,37,0
29,5,189346,15,10,0,2,1,4,1,2202,0,50,37,0
41,3,82778,3,2,2,4,0,4,1,0,0,40,24,0
41,3,104892,15,10,2,0,0,4,1,2829,0,40,37,0
22,3,124810,11,9,4,11,3,4,0,0,0,20,37,0
19,6,149528,15,10,4,4,3,4,1,0,0,12,37,0
55,4,160813,11,9,5,11,1,4,0,0,0,60,37,0
45,5,114396,9,13,0,9,1,4,1,0,0,35,37,0
50,3,110327,11,9,2,11,0,4,1,0,0,50,37,1
33,3,238912,10,16,2,9,0,4,1,0,0,60,37,1
38,3,235638,11,9,4,5,1,2,0,0,0,40,37,0
20,3,47791,2,8,0,7,1,4,0,0,0,10,37,0
21,3,256504,11,9,4,7,1,4,0,0,0,40,37,0
55,7,487411,12,14,2,14,0,4,1,0,0,40,37,1
33,3,162312,11,9,0,11,1,1,1,0,0,45,22,0
47,1,128401,10,16,4,9,4,4,0,0,0,40,37,0
44,5,138471,15,10,2,2,0,4,1,0,0,50,37,0
36,5,245090,9,13,4,4,1,4,1,0,0,50,24,0
36,3,198237,9,13,2,9,0,4,1,15024,0,50,37,1
43,3,128354,11,9,2,0,5,4,0,0,0,30,37,0
51,3,334679,8,11,6,9,4,1,0,0,0,40,37,0
18,3,152246,15,10,4,7,3,1,1,0,0,16,37,0
39,0,184964,15,10,0,0,1,4,1,0,0,40,37,1
40,4,137367,15,10,2,3,0,1,1,0,0,50,2,0
30,3,509500,9,13,4,12,1,4,0,4787,0,45,37,1
27,3,200928,15,10,4,11,3,4,1,0,0,22,37,0
64,7,29825,11,9,2,14,0,4,1,0,0,5,37,0
50,3,237868,11,9,2,11,0,4,1,0,1887,55,37,1
52,3,24185,11,9,0,2,4,4,1,0,0,84,37,0
65,7,224357,15,10,2,14,0,4,1,2290,0,4,37,0
34,3,116371,11,9,0,7,1,4,0,0,0,38,37,0
46,1,125892,15,10,2,10,0,4,1,0,0,40,37,1
27,1,187746,9,13,4,9,3,4,0,3325,0,25,37,0
47,3,106544,11,9,4,7,1,4,0,0,0,40,37,0
66,3,185336,11,9,6,11,2,4,0,0,0,35,37,0
44,3,239876,9,13,0,9,4,2,1,0,0,40,37,0
31,3,207100,9,13,4,3,3,2,0,0,0,40,37,0
36,3,218015,15,10,2,6,0,4,1,0,0,48,37,0
32,3,38797,8,11,4,2,1,4,1,0,0,40,37,0
44,3,147206,15,10,2,2,0,4,1,7688,0,45,37,1
53,3,104280,2,8,2,5,2,4,1,0,0,40,37,0
41,3,34278,8,11,5,7,1,4,1,0,0,40,37,0
22,6,293364,15,10,4,10,3,2,0,0,0,40,37,0
35,3,155961,11,9,4,7,3,2,0,0,0,35,21,0
22,3,71864,15,10,4,2,3,4,0,0,0,35,37,0
46,6,106705,12,14,4,3,1,4,0,0,0,38,37,0
19,3,355313,11,9,4,6,1,4,0,0,0,40,37,0
30,5,176185,7,12,2,11,0,4,1,0,0,60,18,0
35,3,241998,9,13,2,3,0,4,1,0,0,45,37,1
59,3,118358,11,9,2,2,0,4,1,0,0,40,37,1
29,3,83003,11,9,2,7,5,4,0,0,0,40,37,0
18,7,266287,15,10,4,14,3,4,0,0,0,25,37,0
39,3,245361,9,13,0,3,1,4,0,0,0,25,37,0
63,3,111963,15,10,2,9,0,4,1,0,0,16,37,0
47,3,201865,11,9,2,13,0,4,1,0,0,40,37,0
29,3,263855,2,8,4,2,4,4,1,0,0,40,37,0
30,3,57651,11,9,4,0,4,4,1,0,2001,42,37,0
46,3,188950,9,13,2,2,0,4,1,0,0,50,37,1
22,3,464103,3,2,4,2,1,4,1,0,0,40,12,0
33,3,223212,15,10,4,5,2,4,1,0,0,40,24,0
63,7,109446,11,9,2,14,0,4,1,0,0,40,37,0
72,3,38360,11,9,6,7,4,4,0,0,0,16,37,0
32,3,198452,11,9,2,4,5,4,0,0,0,40,37,0
52,5,417227,11,9,2,13,0,4,1,0,0,70,37,0
36,3,246449,15,10,2,3,0,4,1,0,0,60,37,1
29,3,182521,11,9,4,2,1,0,1,0,0,40,37,0
31,3,400535,15,10,2,0,0,4,1,0,0,40,37,0
42,3,154374,9,13,2,13,0,4,1,0,0,58,37,0
28,5,70100,9,13,4,9,1,4,1,0,0,60,37,0
26,1,138597,11,9,4,7,4,2,0,0,0,25,37,0
44,0,206927,9,13,2,3,0,4,1,7688,0,40,37,1
38,4,244803,15,10,2,11,0,4,1,0,1485,60,4,1
39,3,185084,15,10,2,6,0,4,1,0,0,55,37,0
38,6,200904,0,6,5,0,4,2,0,0,0,40,37,0
51,5,306784,11,9,2,3,0,4,1,0,0,30,37,0
34,6,209317,15,10,2,10,0,4,1,0,0,40,37,0
26,3,39212,11,9,2,6,0,4,1,0,0,45,37,0
46,3,154430,12,14,0,3,1,4,0,0,0,50,37,1
78,7,109498,6,5,6,14,4,4,1,0,0,40,37,0
47,3,183186,9,13,2,3,0,4,1,0,0,60,37,1
32,3,76773,15,10,0,6,4,4,0,0,0,40,37,0
44,3,157249,9,13,2,9,0,2,1,0,1977,50,37,1
31,3,332379,15,10,3,13,4,4,1,0,0,50,37,0
29,4,136277,11,9,4,3,1,2,0,0,0,16,37,0
46,3,146195,7,12,0,12,1,2,0,0,0,36,37,0
22,3,214635,11,9,4,6,1,4,1,0,0,42,37,0
33,3,79303,11,9,2,4,0,4,1,0,0,45,37,0
70,3,102610,0,6,2,5,0,4,1,0,0,32,37,0
39,5,134475,9,13,0,0,1,4,1,0,1762,40,37,0
50,6,172970,11,9,2,13,0,4,1,0,0,40,31,0
20,3,56322,15,10,4,7,3,4,1,2176,0,25,37,0
43,6,206927,11,9,2,9,0,4,1,0,0,40,37,0
27,3,150080,9,13,4,3,3,4,0,0,0,40,37,0
29,5,151476,8,11,4,0,1,4,0,2174,0,40,37,0
42,3,23157,9,13,2,9,0,4,1,0,0,50,37,1
67,7,36135,1,7,2,14,0,4,1,0,0,8,37,0
25,3,128699,9,13,4,0,1,4,0,0,0,45,37,0
21,0,201815,15,10,4,0,3,2,0,0,0,30,37,0
33,5,361497,11,9,2,2,0,4,1,0,0,40,37,0
24,7,377725,9,13,4,14,1,4,0,0,0,40,37,0
47,3,357848,11,9,2,2,0,4,1,0,0,40,37,1
37,3,191342,3,2,2,2,0,1,1,0,0,40,0,0
59,3,159008,15,10,2,10,0,4,1,0,0,56,37,0
37,3,170174,11,9,2,3,0,4,1,0,0,46,37,1
42,3,196158,15,10,0,7,1,4,0,8614,0,52,37,1
30,3,203034,8,11,3,2,1,4,1,0,0,40,37,0
41,3,202508,11,9,2,6,0,4,1,0,0,48,37,0
41,3,405172,7,12,2,13,0,2,1,0,0,40,38,1
33,3,31573,11,9,2,6,0,4,1,0,0,40,37,0
64,4,179436,9,13,2,3,0,4,1,15024,0,55,37,1
26,3,82488,12,14,4,9,3,1,0,0,0,40,28,1
48,3,176140,1,7,0,7,4,2,0,0,0,40,37,0
23,3,157839,7,12,4,9,1,4,0,0,0,35,37,0
51,3,215647,11,9,0,9,1,4,0,0,0,43,37,0
56,0,156842,15,10,5,7,1,2,1,0,0,40,37,0
37,5,143774,9,13,2,9,5,4,0,0,0,40,10,1
18,3,114008,11,9,4,7,3,4,1,0,0,35,37,0
25,3,259336,11,9,4,7,3,4,1,0,0,40,27,0
62,1,197218,11,9,6,7,1,4,0,0,0,18,37,0
34,3,221167,7,12,2,0,5,4,0,0,0,40,37,1
50,3,378747,11,9,2,13,0,2,1,0,0,40,37,0
24,3,210474,12,14,4,9,3,4,0,0,0,40,37,0
47,5,274800,9,13,2,9,0,4,1,0,0,60,37,0
19,7,128453,11,9,4,14,3,4,0,0,0,28,37,0
22,3,260594,1,7,4,11,4,4,0,0,0,25,37,0
66,3,95644,9,13,0,3,1,4,0,0,0,40,37,0
34,3,135785,9,13,4,9,1,4,0,0,0,36,37,0
51,1,277024,11,9,5,10,1,2,1,0,0,40,37,0
40,3,47902,11,9,2,3,0,4,1,0,0,40,37,0
18,3,362302,2,8,4,7,3,4,1,0,0,15,37,0
56,0,75804,12,14,0,9,1,4,1,0,0,48,37,0
49,6,160812,9,13,2,9,5,4,0,0,0,40,37,1
30,3,180656,15,10,3,2,1,4,1,0,0,40,38,0
24,5,191954,5,4,4,4,3,4,1,0,0,50,37,0
52,6,216342,9,13,6,3,4,4,0,0,0,55,37,0
38,6,220421,9,13,4,3,1,4,0,0,0,40,37,0
45,3,126889,9,13,2,11,0,4,1,0,1887,60,37,1
64,3,285610,1,7,0,6,1,4,0,0,0,40,37,0
21,3,136873,15,10,4,9,3,4,1,0,0,10,37,0
34,1,174215,12,14,2,9,5,4,0,7688,0,35,37,1
38,3,186191,9,13,4,9,3,4,1,0,0,40,37,0
60,0,248288,15,10,0,0,1,4,0,0,0,40,37,0
40,3,356934,11,9,2,2,0,4,1,0,1902,45,37,1
33,0,391122,11,9,4,0,3,4,0,0,0,30,37,0
22,3,231085,15,10,4,7,3,4,1,0,0,30,37,0
24,3,215712,15,10,4,7,1,4,1,0,0,35,37,0
20,3,69911,15,10,4,11,3,4,0,0,0,15,37,0
63,3,130968,6,5,0,13,1,4,1,0,0,50,37,0
38,6,162424,9,13,2,9,0,4,1,0,0,40,37,1
17,3,89821,1,7,4,7,3,4,1,0,0,10,37,0
53,0,172898,14,15,2,9,0,4,1,0,0,60,37,1
27,3,236246,7,12,2,3,0,4,1,0,0,40,37,0
46,4,321764,14,15,2,9,0,4,1,0,0,50,37,1
42,3,111589,8,11,2,3,0,4,1,0,0,40,37,0
27,3,208249,11,9,2,5,0,4,1,0,0,62,37,0
58,3,284834,7,12,0,0,1,4,0,0,0,40,37,0
52,1,137753,11,9,2,7,5,2,0,0,0,20,37,0
35,3,433682,9,13,4,12,1,2,1,0,0,40,37,0
26,3,115717,15,10,2,0,0,4,1,0,2051,40,37,0
35,3,45937,11,9,4,6,1,4,0,0,0,40,37,0
40,3,193144,11,9,0,7,4,4,0,0,0,36,37,0
33,3,118500,15,10,0,3,4,4,0,0,0,40,37,0
31,1,400535,11,9,2,2,0,4,1,0,0,72,37,0
32,3,99646,11,9,2,13,0,4,1,0,0,50,37,0
53,3,479621,8,11,0,12,1,2,1,0,0,40,37,0
45,4,204196,9,13,0,3,4,4,1,0,0,50,37,1
53,3,254285,12,14,2,9,0,4,1,0,0,40,37,1
38,3,104089,8,11,4,2,3,4,1,0,0,40,37,0
57,5,174760,7,12,3,4,4,0,1,0,0,40,37,0
58,0,256466,12,14,2,12,0,1,1,7688,0,40,2,1
21,7,107801,15,10,4,14,3,4,0,0,0,3,37,0
28,3,200515,15,10,2,7,0,4,1,0,0,35,37,1
43,5,336763,15,10,0,11,4,4,0,0,880,42,37,0
21,3,63665,15,10,4,7,3,4,1,0,0,15,37,0
32,0,113838,9,13,2,9,0,4,1,0,0,40,37,1
31,3,213750,15,10,4,11,1,4,1,0,0,45,37,0
52,3,236497,9,13,2,3,0,4,1,0,0,48,37,1
34,6,61431,2,8,4,0,1,2,0,0,0,40,37,0
45,3,289468,1,7,6,7,4,4,0,0,0,40,37,0
57,5,253267,4,3,5,7,4,4,0,0,0,35,4,0
30,3,165503,9,13,4,11,3,4,0,0,0,65,37,0
45,6,103406,9,13,2,3,0,4,1,0,1977,60,37,1
37,1,105803,12,14,2,3,0,4,1,0,0,40,37,1
25,3,182332,15,10,4,0,1,4,0,0,0,50,37,0
66,3,171824,15,10,4,9,1,4,0,0,0,15,37,0
35,3,81232,9,13,2,11,0,4,1,15024,0,50,37,1
33,3,173730,8,11,2,6,0,4,1,0,0,40,37,0
20,1,350845,15,10,4,0,3,4,0,0,0,10,37,0
28,3,204648,11,9,5,7,4,2,0,0,0,20,37,0
41,3,134130,9,13,2,11,0,4,1,0,0,50,37,1
34,3,226443,11,9,0,0,3,4,1,0,0,40,37,0
40,3,174515,11,9,6,6,4,4,0,0,0,40,37,0
19,3,149823,15,10,4,7,3,4,1,0,0,20,37,0
32,3,226696,9,13,4,3,1,4,1,0,0,55,37,1
17,3,191260,1,7,4,7,3,4,1,594,0,10,37,0
53,3,257940,11,9,2,6,0,4,1,2829,0,40,37,0
32,3,171215,15,10,0,0,1,4,1,0,0,48,37,0
43,3,323713,11,9,2,6,0,4,1,0,0,40,37,0
48,3,285570,11,9,2,0,0,4,1,0,0,40,37,0
27,3,109881,9,13,4,7,3,4,0,0,0,20,37,0
43,3,253759,11,9,0,0,4,2,0,0,0,45,37,0
65,7,111916,11,9,2,14,0,4,1,0,0,40,37,0
38,5,223242,15,10,3,7,4,4,0,0,0,40,37,0
54,3,236157,11,9,2,9,0,4,1,0,1887,40,37,1
66,4,197816,9,13,2,3,0,4,1,10605,0,40,37,1
21,3,34616,15,10,4,11,3,4,0,0,0,20,37,0
24,3,187031,12,14,4,11,4,2,0,0,0,38,37,0
37,3,319831,11,9,2,13,0,4,1,0,0,55,37,1
26,3,117833,9,13,4,3,1,4,0,0,1669,50,37,0
24,3,209417,15,10,2,11,0,4,1,7298,0,60,37,1
69,3,271312,11,9,6,0,1,4,0,0,0,40,37,0
26,3,220678,4,3,4,5,3,2,0,0,0,40,5,0
52,1,48413,11,9,2,7,0,4,1,0,0,40,37,0
33,3,235847,14,15,2,3,5,4,0,0,0,40,37,1
29,3,354558,11,9,2,11,0,4,1,0,0,60,37,0
52,3,186826,14,15,4,9,1,4,1,0,1564,40,37,1
19,7,112780,15,10,4,14,3,4,0,0,0,30,37,0
23,3,462294,7,12,4,7,3,2,1,0,0,44,37,0
26,3,357933,15,10,4,0,3,4,0,0,0,15,37,0
33,5,173495,11,9,2,2,0,4,1,0,0,50,37,0
33,1,281784,9,13,4,12,1,2,1,0,1564,52,37,1
63,7,126540,15,10,0,14,1,4,0,0,0,5,37,0
35,3,112160,11,9,2,11,0,4,1,0,0,40,37,0
56,3,367984,8,11,2,3,0,4,1,15024,0,40,37,1
33,3,342730,15,10,2,11,0,4,1,0,0,52,37,0
31,3,120461,9,13,4,3,1,4,0,0,0,40,37,0
22,3,325179,15,10,4,9,3,4,1,0,0,50,37,0
33,3,226267,7,12,2,11,0,4,1,0,0,40,24,0
66,3,113323,9,13,2,9,0,4,1,20051,0,40,37,1
28,1,134890,12,14,4,9,1,4,1,0,0,40,37,0
19,3,204389,11,9,4,0,3,3,0,0,0,25,31,0
53,1,216931,5,4,2,13,0,4,1,0,0,38,37,0
37,5,137527,10,16,4,9,1,4,0,0,2559,60,37,1
34,3,127651,11,9,2,3,0,4,1,0,0,45,37,1
30,5,105749,9,13,2,11,0,4,1,0,0,50,37,0
23,3,184400,0,6,4,13,3,1,1,0,0,30,38,0
23,3,244698,4,3,4,4,2,4,1,0,0,35,24,0
19,3,310483,2,8,4,7,3,4,1,0,0,25,37,0
39,5,193689,11,9,4,3,1,4,1,0,0,65,37,0
46,3,35406,5,4,5,7,1,4,0,0,0,32,37,0
21,3,99199,11,9,4,6,3,4,1,0,0,32,37,0
21,3,119673,15,10,4,7,1,4,0,0,0,30,37,0
53,3,95864,11,9,4,0,2,4,1,0,0,35,37,0
23,3,293565,0,6,4,5,1,4,1,0,0,40,37,0
33,3,230883,15,10,0,3,4,4,1,0,2824,48,37,1
30,3,112115,11,9,2,6,0,4,1,0,0,60,19,1
26,3,183171,1,7,4,7,3,2,1,1055,0,32,37,0
50,3,155433,9,13,0,3,1,4,0,0,0,50,37,0
40,3,91836,11,9,0,2,1,4,1,0,0,45,37,0
37,3,177858,15,10,4,3,1,4,1,2174,0,40,37,0
30,3,100734,15,10,2,0,5,4,0,0,0,40,37,0
39,3,158956,15,10,4,7,4,2,0,0,0,40,37,0
63,5,147140,5,4,2,4,0,4,1,0,0,60,37,1
41,3,206139,11,9,2,11,0,4,1,0,0,40,37,1
53,3,139671,15,10,2,2,0,4,1,0,0,40,37,1
53,3,230936,9,13,2,11,0,4,1,0,0,40,37,1
34,5,56964,11,9,2,13,0,4,1,0,0,35,37,0
19,7,60688,15,10,4,14,3,4,1,0,0,35,37,0
81,3,122651,15,10,2,11,0,4,1,0,0,15,37,0
26,3,323044,15,10,2,3,0,4,1,0,0,45,10,1
43,6,506329,9,13,2,9,0,1,1,15024,0,40,38,1
18,7,171088,15,10,4,14,3,4,0,0,0,40,37,0
20,7,30796,11,9,4,14,3,4,0,0,0,20,37,0
35,3,210945,11,9,2,12,0,4,1,7298,0,38,37,1
55,6,100285,9,13,0,0,1,4,1,10520,0,40,37,1
35,3,219902,8,11,4,0,1,2,0,0,0,40,37,0
65,3,118779,11,9,2,2,0,4,1,0,0,30,37,0
37,3,179671,6,5,2,5,0,4,1,0,0,50,37,0
27,1,199343,11,9,2,0,0,4,1,0,0,38,37,0
32,3,123429,0,6,5,2,1,4,1,0,0,40,37,0
43,3,83827,11,9,0,6,1,4,0,0,0,24,37,0
38,3,498785,11,9,2,5,0,4,1,0,0,40,37,0
36,3,180686,11,9,2,2,0,4,1,0,0,45,37,1
46,0,308077,15,10,5,3,4,4,0,0,0,50,37,0
46,3,196707,11,9,0,2,1,4,1,0,0,55,37,0
23,3,177787,9,13,4,11,3,4,0,0,0,30,8,0
49,3,185041,12,14,2,3,0,4,1,0,1977,40,37,1
35,3,340260,11,9,0,2,4,4,0,0,0,48,37,0
34,3,182274,15,10,2,3,5,4,0,0,1887,40,37,1
22,5,104164,8,11,4,4,1,4,1,0,0,35,37,0
59,0,31840,11,9,2,2,0,4,1,0,0,40,37,1
30,3,118941,15,10,4,3,1,4,0,0,0,40,37,0
25,1,55360,11,9,4,2,3,2,1,0,0,40,37,0
31,3,201292,11,9,2,7,0,4,1,0,0,40,37,0
31,3,211880,9,13,2,11,0,4,1,0,0,40,37,0
41,3,160893,7,12,4,0,1,4,0,0,0,45,37,0
35,3,556902,11,9,0,7,1,2,1,0,0,40,37,0
41,5,239061,12,14,6,9,1,4,0,0,0,20,37,0
40,3,374764,15,10,2,3,0,4,1,0,0,45,37,1
59,3,159008,7,12,2,2,0,4,1,7298,0,20,37,1
43,3,388725,7,12,2,11,0,4,1,0,0,40,37,0
29,3,169683,8,11,2,9,0,4,1,0,0,40,37,0
57,3,133201,5,4,0,2,4,4,1,0,1408,40,9,0
46,5,292549,15,10,2,11,0,4,1,0,0,45,37,0
41,3,304605,11,9,2,2,0,4,1,0,0,40,1,1
25,3,123586,15,10,4,0,4,3,1,0,0,40,37,0
33,3,137310,11,9,4,6,3,4,0,0,0,40,38,0
47,3,155659,15,10,2,2,0,4,1,7688,0,55,37,1
48,5,30840,15,10,2,9,0,4,1,5013,0,45,37,0
37,3,91711,9,13,2,3,0,4,1,0,0,60,37,1
40,3,117860,11,9,0,7,1,2,1,0,0,40,37,0
39,3,348960,11,9,2,5,0,4,1,0,0,40,37,0
57,5,181031,11,9,2,4,0,4,1,0,0,60,37,0
40,3,117915,11,9,2,2,0,4,1,0,0,45,37,0
63,3,181863,9,13,4,11,1,4,1,0,0,27,37,0
44,3,124563,11,9,2,6,0,2,1,0,0,40,37,0
57,1,190561,11,9,0,5,1,2,0,0,0,30,37,0
27,3,210498,11,9,2,2,0,4,1,5178,0,40,37,1
41,3,374764,9,13,6,3,4,4,1,0,0,20,37,0
40,4,182437,7,12,2,11,0,4,1,15024,0,50,37,1
48,1,219962,8,11,2,2,0,4,1,0,0,40,37,0
39,3,201410,11,9,2,5,0,4,1,0,0,40,37,0
33,3,399088,11,9,0,13,4,4,0,0,0,40,37,0
48,3,299291,11,9,2,13,0,4,1,0,0,44,37,0
57,3,265099,14,15,2,9,0,4,1,0,0,60,37,0
30,3,19302,15,10,4,0,1,4,1,0,0,48,37,0
38,1,115076,12,14,2,3,0,4,1,0,0,70,37,1
23,3,32950,15,10,4,13,1,4,1,4101,0,40,37,0
62,5,134768,2,8,2,2,0,4,1,0,0,40,37,1
38,5,187346,7,12,0,7,4,4,0,0,0,20,37,0
26,3,395206,15,10,4,13,1,4,1,0,0,40,37,0
21,3,25265,11,9,4,2,3,4,1,0,0,40,37,0
70,5,36311,9,13,2,9,0,4,1,20051,0,35,37,1
23,3,129345,15,10,4,7,1,4,1,0,0,50,37,0
42,3,156580,15,10,2,6,5,4,0,0,0,37,37,1
30,3,154297,0,6,4,6,4,2,0,0,0,40,37,0
29,3,443858,11,9,2,2,0,4,1,0,0,40,37,0
49,3,230796,11,9,0,7,1,4,0,0,0,40,37,0
49,3,187563,15,10,0,7,1,4,1,0,0,40,37,0
29,3,115677,9,13,4,9,1,4,1,0,0,40,37,0
26,3,279833,9,13,4,3,1,4,1,0,2258,45,37,1
53,6,101238,15,10,2,3,0,4,1,0,0,40,37,1
45,3,302677,15,10,4,3,1,4,0,0,1340,50,37,0
48,4,193188,9,13,2,3,0,4,1,0,0,40,37,1
47,3,251508,11,9,0,12,1,4,0,0,0,36,37,0
58,5,164065,12,14,0,11,1,4,1,0,0,18,37,0
56,5,174564,12,14,2,9,0,4,1,0,0,60,37,1
50,3,183173,11,9,2,9,0,4,1,99999,0,40,37,1
25,3,178843,9,13,4,9,3,4,0,0,0,15,37,0
25,3,1484705,15,10,0,3,4,4,0,0,0,25,37,0
48,7,167381,11,9,6,14,4,4,0,0,0,25,37,0
58,3,34788,15,10,2,11,0,4,1,0,1887,40,37,1
52,5,175029,0,6,2,2,0,4,1,0,0,35,37,0
42,1,198028,15,10,2,0,5,4,0,0,0,40,37,1
59,5,96459,5,4,2,2,0,4,1,0,0,40,37,0
21,3,538319,15,10,4,7,3,4,0,0,0,40,31,0
20,3,271379,15,10,4,11,3,4,0,0,0,25,37,0
35,5,32528,11,9,2,13,0,4,1,0,0,50,37,0
18,3,183274,1,7,4,7,3,4,0,594,0,30,37,0
40,3,388725,15,10,0,3,1,4,1,0,0,40,37,0
28,3,119793,8,11,0,3,1,4,1,10520,0,50,37,1
32,5,171091,11,9,2,11,0,4,1,0,0,40,37,0
42,3,173628,9,13,2,3,0,4,1,0,0,40,37,1
27,3,228476,9,13,2,11,0,4,1,0,0,50,37,1
36,3,182074,11,9,4,0,2,4,1,0,0,40,37,0
21,3,121407,8,11,4,7,3,4,0,0,0,36,37,0
36,3,218490,8,11,2,11,0,4,1,0,0,60,37,0
35,3,283305,9,13,4,3,1,4,0,0,0,40,37,0
49,3,227800,5,4,2,9,0,4,1,0,0,32,37,0
18,1,153405,1,7,4,0,2,4,0,0,0,25,37,0
56,4,187355,15,10,2,11,5,4,0,0,0,60,1,1
37,3,162834,15,10,4,2,1,4,1,0,0,40,37,0
28,5,160731,9,13,2,4,0,4,1,0,0,50,37,0
26,3,151724,15,10,2,11,0,4,1,0,0,40,37,1
48,3,350440,15,10,2,2,2,1,1,0,0,40,0,1
49,7,178215,15,10,6,14,4,4,0,0,0,28,37,0
20,3,47039,15,10,4,2,3,4,1,0,0,40,37,0
37,1,217689,15,10,2,7,0,0,1,0,0,32,37,0
55,3,234213,11,9,2,13,0,4,1,0,0,60,37,0
44,3,164043,11,9,2,11,0,4,1,0,0,40,37,0
37,3,82622,15,10,2,7,0,4,1,0,0,40,37,1
33,3,187802,9,13,2,0,5,4,0,0,1887,40,37,1
27,5,123116,11,9,2,13,0,4,1,0,0,40,37,0
29,3,264166,8,11,0,7,4,4,0,0,0,45,3,0
55,3,178644,6,5,2,2,0,4,1,0,0,55,37,0
44,3,200194,15,10,2,2,0,4,1,0,0,40,37,0
64,7,211360,11,9,6,14,1,4,0,0,0,30,37,0
25,3,277444,9,13,2,11,0,4,1,0,0,50,37,0
30,3,162623,9,13,4,9,1,4,0,0,0,40,37,0
42,4,50356,11,9,2,3,0,4,1,0,0,40,37,0
32,3,509350,15,10,2,5,0,4,1,0,0,50,1,1
37,0,173192,8,11,5,0,1,2,1,0,0,40,37,0
19,3,186717,15,10,4,11,3,4,1,0,0,40,37,0
38,3,289653,9,13,0,11,4,4,1,0,0,45,37,1
44,3,182629,12,14,0,11,1,4,1,0,0,24,18,0
50,1,320386,7,12,0,9,1,4,0,0,0,40,37,0
33,0,373043,11,9,4,13,1,2,1,0,0,34,10,0
35,3,296478,15,10,2,11,0,4,1,0,0,40,37,0
70,5,124449,12,14,2,3,0,4,1,0,2246,8,37,1
64,7,192715,9,13,2,14,0,4,1,0,1672,10,37,0
44,3,109339,1,7,0,6,4,3,0,0,0,46,31,0
30,3,211840,15,10,5,11,4,2,0,0,0,16,37,0
27,3,297457,11,9,4,0,3,2,1,0,0,40,37,0
20,3,358355,6,5,4,6,4,4,0,0,0,40,37,0
55,3,195329,11,9,6,7,1,4,0,2202,0,35,20,0
17,3,225507,1,7,4,5,1,2,0,0,0,15,37,0
41,1,90692,11,9,0,9,4,1,0,0,0,40,37,0
48,3,176917,11,9,2,2,0,4,1,0,0,55,37,0
31,3,263561,9,13,2,2,0,4,1,0,0,40,37,1
74,3,175945,11,9,6,0,1,4,0,0,0,28,37,0
29,3,78261,14,15,4,9,3,4,1,0,0,50,37,0
25,3,114483,15,10,2,3,0,4,1,0,0,50,37,0
66,1,174486,10,16,2,9,0,2,1,20051,0,35,21,1
57,3,217886,11,9,6,0,1,4,0,0,0,36,37,0
46,0,171850,11,9,0,3,1,4,1,0,0,42,37,0
33,3,437566,12,14,4,3,1,4,1,0,0,50,37,1
43,3,111252,15,10,2,13,0,4,1,0,0,42,37,0
55,1,296085,7,12,2,9,0,1,1,0,0,40,37,1
48,3,65353,8,11,2,2,0,4,1,0,0,42,37,0
37,3,185325,11,9,2,2,0,4,1,0,0,44,37,0
34,3,37646,7,12,2,2,0,4,1,0,0,65,37,0
33,6,120460,11,9,2,2,0,4,1,0,0,40,37,0
45,1,236586,12,14,2,9,0,4,1,7688,0,55,37,1
26,1,189027,11,9,2,13,0,4,1,0,0,40,37,0
53,3,215790,15,10,6,0,2,4,0,0,0,22,37,0
41,5,32533,8,11,2,4,0,4,1,0,0,45,37,0
28,3,246595,11,9,4,2,3,4,1,0,0,70,37,0
28,3,101774,15,10,2,3,0,4,1,0,1848,50,37,1
45,4,185497,9,13,2,3,5,1,0,0,0,70,38,0
61,3,160942,12,14,2,11,0,4,1,3103,0,50,37,0
53,3,449376,11,9,2,10,0,2,1,0,0,40,37,1
21,3,90935,8,11,4,13,3,4,1,0,0,40,37,0
43,3,149102,9,13,2,0,0,4,1,0,0,40,37,1
36,3,222584,11,9,0,0,4,2,0,0,0,40,37,0
66,3,169435,11,9,6,2,1,4,1,0,0,16,37,0
33,3,141841,11,9,4,7,3,2,1,0,0,36,37,0
28,3,216479,9,13,4,0,1,4,0,0,0,40,37,0
38,3,30529,11,9,2,5,0,4,1,3411,0,40,37,0
34,3,426431,15,10,2,2,0,4,1,0,0,48,37,1
43,1,212206,8,11,2,0,5,4,0,0,0,40,37,1
43,3,326232,15,10,2,3,0,4,1,0,0,40,37,1
46,5,254291,15,10,2,11,0,4,1,0,0,60,37,1
53,3,174102,11,9,2,2,0,4,1,0,0,40,37,1
21,3,228326,11,9,4,0,3,4,1,0,0,40,37,0
49,3,175305,5,4,0,7,4,4,0,0,0,40,37,0
22,7,131230,15,10,4,14,3,4,1,0,0,40,37,0
22,3,162282,11,9,4,6,3,4,1,0,0,55,37,0
29,3,285657,15,10,2,2,0,4,1,0,0,45,37,0
46,3,26781,11,9,2,2,0,0,1,0,0,40,37,0
71,5,30661,5,4,2,4,0,4,1,6514,0,40,37,1
55,3,255364,15,10,2,3,0,4,1,0,0,60,37,1
35,3,399455,11,9,3,7,4,4,0,0,0,52,37,0
21,3,247779,1,7,4,11,3,4,0,0,0,38,37,0
37,3,179088,15,10,0,0,1,4,0,0,0,40,37,0
24,3,57711,12,14,2,9,5,4,0,0,0,35,37,1
41,3,112763,14,15,2,9,5,4,0,0,0,40,37,1
24,3,270517,11,9,4,7,3,4,0,0,0,40,24,0
22,7,393122,15,10,4,14,3,4,1,0,0,30,37,0
26,3,259585,15,10,4,11,1,4,1,0,0,24,37,0
22,6,194630,15,10,4,9,3,4,1,0,0,10,37,0
24,3,199555,8,11,4,11,4,4,1,0,0,5,37,0
48,3,323798,7,12,2,9,0,4,1,0,1902,38,37,1
37,3,92028,9,13,4,3,1,4,1,0,0,45,37,0
43,4,240504,15,10,2,3,0,4,1,0,0,70,37,1
30,3,200192,15,10,2,7,5,4,0,0,0,45,37,0
56,3,187355,15,10,0,11,4,4,0,0,0,40,37,0
26,3,140649,9,13,2,3,0,4,1,0,0,40,37,0
37,1,269300,15,10,3,0,4,2,0,0,0,27,37,0
51,3,133069,0,6,6,11,4,4,0,0,0,40,37,0
24,3,314819,15,10,4,2,1,4,1,2174,0,40,37,0
22,3,180449,15,10,2,5,0,4,1,0,0,28,37,0
28,3,241895,11,9,2,11,0,4,1,0,1628,40,37,0
19,3,146679,15,10,4,3,3,2,1,0,0,30,37,0
62,3,167652,8,11,0,11,1,4,0,0,0,40,37,0
44,3,101563,12,14,0,3,4,4,1,7430,0,45,37,1
30,3,229772,0,6,2,2,0,4,1,0,0,40,37,0
21,7,208117,0,6,4,14,1,4,0,0,0,30,37,0
44,1,143104,15,10,2,3,5,4,0,0,0,38,37,1
19,3,178147,11,9,4,11,3,4,1,0,0,35,37,0
23,3,256755,9,13,4,5,2,4,0,0,0,40,4,0
28,3,216604,15,10,4,7,1,2,1,0,0,14,37,0
72,3,177769,0,6,2,11,0,4,1,0,0,15,37,0
36,3,184655,11,9,2,6,0,4,1,0,0,40,37,0
35,5,31095,15,10,5,4,1,4,1,4101,0,60,37,0
24,3,126822,11,9,4,0,4,4,0,0,0,45,37,0
35,3,38948,15,10,2,9,0,4,1,0,0,40,37,1
37,3,277347,11,9,2,2,0,4,1,0,0,40,37,1
20,5,211466,11,9,4,13,3,4,1,0,0,80,37,0
43,0,211763,10,16,5,9,4,2,0,0,0,24,37,1
29,3,246974,8,11,4,12,1,4,1,0,0,40,37,0
56,3,136413,3,2,2,2,0,4,1,0,0,40,37,0
26,3,176729,9,13,4,2,1,4,1,0,0,45,37,1
54,5,386773,15,10,2,3,0,4,1,0,0,60,37,0
62,3,254534,15,10,2,11,0,4,1,0,0,40,37,0
26,1,213258,9,13,4,9,3,4,1,0,0,40,37,0
74,3,84197,12,14,0,11,1,4,0,0,0,10,37,0
44,1,282069,8,11,2,4,0,4,1,0,0,40,37,0
28,3,227840,11,9,4,13,1,4,0,0,0,40,37,0
58,3,138285,7,12,2,2,0,4,1,0,1740,40,37,0
29,3,123677,11,9,2,6,5,1,0,0,0,40,23,0
54,3,156877,11,9,2,2,0,4,1,0,0,40,11,0
53,3,35102,15,10,0,0,1,4,0,0,0,34,37,0
50,3,177896,11,9,2,2,0,4,1,0,0,50,37,0
42,3,190179,9,13,2,9,0,4,1,99999,0,40,37,1
19,3,187161,15,10,4,11,3,4,0,0,0,25,37,0
19,7,497414,5,4,4,14,1,4,0,0,0,35,24,0
32,3,28984,15,10,4,7,1,4,0,0,2001,25,37,0
58,1,368797,12,14,6,9,4,4,1,0,0,35,37,1
32,3,176185,15,10,0,3,2,4,1,0,0,60,37,0
42,5,177937,9,13,3,3,1,4,1,0,0,45,29,0
33,1,167474,7,12,2,0,0,4,1,0,0,40,37,0
32,3,207301,11,9,4,5,1,4,0,0,0,40,37,0
51,3,33304,11,9,2,2,0,4,1,0,0,40,37,0
50,3,257126,11,9,2,2,0,4,1,0,0,40,37,1
58,1,101480,8,11,6,0,1,4,0,0,0,40,37,0
37,3,454915,0,6,0,2,1,4,1,0,0,40,37,0
40,3,149466,11,9,0,5,1,2,1,0,0,35,37,0
20,3,24967,11,9,4,4,3,4,1,0,0,47,37,0
38,3,351299,15,10,2,13,0,2,1,0,0,50,37,0
51,3,129301,6,5,2,13,0,4,1,0,0,45,37,0
40,3,98211,11,9,2,2,0,4,1,0,0,40,37,1
20,3,406641,11,9,4,0,1,4,0,0,0,30,37,0
27,3,184477,2,8,4,7,1,4,1,0,0,40,37,0
21,3,26842,15,10,4,11,1,4,0,0,0,20,37,0
58,7,169590,15,10,2,14,5,4,0,0,0,40,37,0
21,3,57211,11,9,4,2,3,4,1,0,0,40,37,0
40,3,27766,12,14,2,11,0,4,1,0,0,40,37,0
22,3,147397,15,10,4,11,1,4,1,0,0,44,37,0
61,6,347445,12,14,2,3,0,4,1,0,0,40,37,1
23,1,287988,9,13,4,9,1,4,1,0,0,40,37,0
20,3,257470,15,10,4,11,3,2,0,0,0,20,37,0
30,5,123397,15,10,0,7,4,4,0,0,0,30,37,0
38,3,218015,15,10,2,2,0,4,1,0,0,48,37,1
56,5,108496,11,9,2,2,0,4,1,0,0,40,37,0
23,4,304871,15,10,4,3,3,4,1,0,0,40,37,0
27,3,283913,4,3,4,8,1,4,0,0,0,65,8,0
20,3,333505,11,9,4,0,3,4,1,0,0,30,25,0
23,3,231866,11,9,4,5,3,4,1,0,0,38,37,0
54,0,28683,11,9,2,0,0,4,1,4386,0,41,37,1
32,3,111520,15,10,4,7,1,4,1,0,0,34,37,0
41,3,75012,11,9,2,6,0,4,1,0,0,50,37,0
48,6,118330,9,13,2,3,0,4,1,5178,0,40,37,1
67,3,279980,15,10,2,13,0,4,1,10605,0,10,37,1
65,3,212562,1,7,2,5,0,4,1,0,0,20,37,0
55,6,256984,15,10,2,7,0,2,1,0,0,40,37,0
29,3,175639,15,10,0,7,4,4,0,0,0,28,37,0
63,3,45912,11,9,6,7,2,4,0,0,0,40,37,0
23,3,64520,0,6,4,2,1,4,1,0,0,40,37,0
33,3,100135,11,9,2,0,5,4,0,0,1740,25,37,0
36,3,37778,9,13,2,3,0,4,1,0,0,40,37,0
41,3,209899,11,9,5,0,4,2,0,0,0,40,37,0
33,3,557805,8,11,4,11,2,4,0,0,0,40,7,0
24,3,192812,12,14,4,9,3,4,0,0,0,40,37,0
60,3,141253,0,6,0,4,1,4,1,0,0,48,37,0
38,3,122952,11,9,5,2,4,4,0,0,0,35,37,0
20,3,313873,11,9,4,13,3,4,1,0,0,30,37,0
48,3,107373,0,6,2,13,0,4,1,0,0,40,37,1
48,3,226696,11,9,2,2,0,2,1,0,0,40,37,0
26,3,472411,15,10,2,11,0,4,1,0,0,40,37,0
40,3,117917,11,9,2,9,0,0,1,0,0,50,37,0
38,0,207066,11,9,2,3,0,4,1,0,0,42,37,1
55,5,52888,14,15,2,9,5,4,0,0,0,10,37,0
63,3,183608,0,6,2,3,0,4,1,0,0,40,37,0
48,3,205100,9,13,2,11,0,4,1,99999,0,80,37,1
34,3,226296,1,7,2,5,0,4,1,0,0,40,37,0
26,5,93806,15,10,2,11,0,4,1,0,0,55,37,0
58,7,37591,9,13,6,14,1,4,0,0,0,40,37,0
50,3,28952,15,10,2,11,5,4,0,0,0,39,37,0
19,3,220101,15,10,4,0,1,4,0,0,0,40,37,0
25,3,139012,9,13,4,11,3,1,1,2174,0,40,39,0
45,3,210875,11,9,2,2,0,4,1,0,0,40,37,0
40,3,155972,11,9,2,3,0,4,1,7688,0,55,37,1
49,3,72393,6,5,0,6,1,4,0,0,0,40,37,0
61,7,175032,11,9,2,14,0,4,1,0,0,40,37,0
23,5,519627,11,9,4,4,1,4,1,0,0,25,24,0
25,3,229287,9,13,4,3,2,4,0,0,0,25,37,0
39,3,153949,11,9,2,7,0,4,1,0,0,30,37,0
21,7,163665,15,10,4,14,3,4,0,0,0,40,37,0
40,1,183096,6,5,2,7,5,4,0,0,0,40,40,1
49,5,39140,11,9,2,4,0,4,1,0,0,60,37,0
20,3,94744,11,9,4,0,3,2,0,0,0,20,37,0
37,3,167482,0,6,4,2,3,4,1,0,0,35,37,0
18,3,332125,11,9,4,6,2,4,1,2176,0,25,37,0
30,5,182089,11,9,2,4,0,4,1,0,0,85,37,0
22,3,43535,15,10,2,3,5,4,0,0,0,40,37,0
33,6,43716,15,10,2,2,0,4,1,0,0,4,37,0
73,5,109833,9,13,2,4,0,4,1,0,0,30,37,0
48,3,155372,11,9,6,6,4,4,0,0,0,36,37,0
46,3,39363,15,10,0,7,4,4,0,0,0,10,38,0
17,5,368700,1,7,4,4,3,4,1,0,0,10,37,0
19,1,276973,15,10,4,9,3,4,0,0,0,20,37,0
66,4,76212,11,9,2,13,0,4,1,0,0,50,37,1
26,3,257405,4,3,4,4,2,2,1,0,0,40,24,0
42,3,385591,11,9,2,3,0,4,1,0,0,50,37,1
23,1,117789,8,11,4,9,1,4,0,0,0,50,37,0
33,3,152744,15,10,4,3,3,1,0,0,0,40,37,0
26,3,293690,9,13,2,2,0,4,1,0,0,58,37,1
41,3,126517,15,10,5,11,4,2,0,0,0,20,37,0
23,3,169188,15,10,2,3,5,4,0,0,0,25,37,0
25,3,193701,9,13,4,7,1,4,0,0,0,38,37,0
33,3,460408,11,9,4,11,1,4,1,3325,0,50,37,0
25,3,211424,9,13,4,3,3,4,1,0,0,40,37,0
63,3,225102,11,9,2,5,0,2,1,0,0,40,38,0
52,4,146574,14,15,2,9,0,4,1,0,0,40,37,1
29,3,202558,8,11,2,12,2,4,0,0,0,40,37,0
22,3,137876,15,10,4,10,1,4,1,0,0,20,37,0
61,3,80896,12,14,2,9,0,1,1,0,0,45,17,1
20,3,39234,11,9,4,7,3,4,1,0,0,30,37,0
52,7,318351,15,10,2,14,5,4,0,0,0,40,37,1
32,5,178109,0,6,2,3,0,4,1,0,0,55,37,0
20,7,177161,11,9,4,14,3,3,0,0,0,45,37,0
31,1,253456,15,10,2,10,0,4,1,0,0,40,37,1
27,3,209801,15,10,4,0,1,4,0,0,0,45,38,0
43,3,179866,9,13,0,11,4,4,0,0,0,40,37,1
21,3,415755,15,10,4,7,3,4,1,0,0,40,37,0
43,3,336643,11,9,4,3,1,4,0,0,0,50,37,0
18,3,39222,1,7,4,7,3,4,1,0,0,40,37,0
43,3,197609,15,10,0,7,1,4,0,0,0,30,37,0
48,3,155659,8,11,2,2,0,4,1,7688,0,40,37,1
25,3,86872,9,13,2,3,0,4,1,0,0,55,37,1
22,3,203894,15,10,4,11,3,4,0,0,0,15,37,0
42,3,182108,9,13,4,3,1,4,0,0,0,35,37,0
55,3,229029,9,13,2,3,0,4,1,15024,0,48,37,1
28,3,292120,15,10,4,0,3,4,0,0,0,42,37,0
25,3,63062,15,10,4,4,3,4,1,0,0,60,37,0
53,3,139157,4,3,2,6,0,4,1,0,0,40,37,0
59,3,154100,12,14,4,11,1,4,0,27828,0,45,37,1
53,6,118793,11,9,2,10,0,4,1,0,0,40,37,0
29,3,131310,7,12,4,11,3,4,0,0,0,40,37,0
72,5,203523,14,15,2,3,0,4,1,0,0,10,37,0
20,3,34310,15,10,4,11,3,4,1,0,0,20,37,0
60,3,23336,12,14,0,11,1,4,1,0,0,50,37,0
61,3,204908,6,5,2,2,0,4,1,0,0,40,37,0
62,3,209844,15,10,0,0,4,4,0,0,0,30,37,0
53,5,237729,11,9,2,9,5,4,0,3411,0,65,37,0
71,3,169114,15,10,6,9,1,4,1,0,1429,40,37,0
55,6,157639,15,10,2,10,0,4,1,0,0,40,37,1
48,3,168262,9,13,2,11,0,4,1,0,0,25,37,1
22,3,113703,15,10,4,11,2,4,1,0,0,20,37,0
64,5,167877,11,9,2,9,0,4,1,0,0,60,37,1
30,3,348592,11,9,5,7,1,4,1,0,0,40,37,0
24,3,30656,11,9,4,5,1,4,1,0,0,20,37,0
28,3,37805,9,13,2,11,0,4,1,0,0,40,37,1
34,3,58305,11,9,2,2,0,4,1,0,1573,40,37,0
65,3,109351,6,5,6,8,4,2,0,0,0,24,37,0
31,3,168275,11,9,0,7,1,4,0,0,0,28,37,0
45,3,215620,11,9,0,13,1,4,1,0,0,40,37,0
28,3,167987,11,9,4,7,3,4,0,0,0,40,37,0
47,1,101016,9,13,2,0,5,4,0,7688,0,40,37,1
25,3,266600,11,9,2,0,0,2,1,3137,0,40,37,0
58,5,127539,0,6,2,2,0,4,1,2407,0,25,37,0
47,3,168262,9,13,4,0,3,4,1,0,0,40,37,0
37,0,194630,12,14,4,3,3,4,0,0,0,40,37,0
39,7,201105,9,13,2,14,5,4,0,0,0,30,37,0
19,7,37332,11,9,4,14,3,4,0,1055,0,12,37,0
40,3,169995,11,9,0,2,4,4,1,0,0,40,37,0
57,3,137653,11,9,2,0,5,4,0,0,0,40,37,0
49,3,268234,5,4,2,5,0,4,1,0,0,40,37,0
37,3,343721,9,13,2,9,0,4,1,0,0,40,37,1
19,3,166153,11,9,4,11,3,4,0,0,0,30,37,0
56,3,91262,11,9,2,13,0,1,1,0,0,45,37,0
24,3,52262,11,9,4,6,1,4,1,0,0,40,37,0
52,0,202452,11,9,0,0,1,4,0,0,0,43,37,0
47,3,149700,9,13,2,12,0,4,1,15024,0,40,37,1
36,1,287821,9,13,2,0,5,4,0,0,0,40,37,1
31,3,246439,7,12,4,12,3,4,1,0,0,45,37,0
45,1,148254,12,14,0,9,1,4,0,0,0,35,37,0
29,1,205262,15,10,4,0,1,3,1,0,0,40,6,0
21,7,207782,15,10,4,14,3,4,1,0,0,30,37,0
48,3,246891,15,10,6,11,4,4,1,0,0,50,37,1
31,3,137076,9,13,2,10,0,4,1,0,0,40,37,0
44,3,141131,2,8,0,6,4,1,0,0,0,40,33,0
49,5,215096,6,5,0,7,1,4,0,0,0,20,37,0
52,3,114674,9,13,2,9,0,4,1,0,0,52,37,1
22,7,153131,15,10,4,14,3,4,1,0,0,40,37,0
68,7,294420,9,13,6,14,1,4,0,0,0,2,37,0
53,5,33304,14,15,2,9,0,4,1,0,0,38,37,1
47,3,149366,9,13,2,6,0,4,1,0,0,40,27,0
46,3,25894,10,16,0,9,1,1,1,0,0,40,17,1
55,5,141807,9,13,2,3,0,4,1,0,0,40,37,1
61,3,111797,8,11,0,0,1,2,0,0,0,32,37,0
19,3,393712,11,9,4,0,3,4,0,0,0,20,37,0
21,3,145964,15,10,2,2,0,4,1,7298,0,60,37,1
35,3,282461,11,9,2,13,0,4,1,0,0,50,37,0
27,3,79661,11,9,2,11,0,4,1,4386,0,40,37,1
36,3,383518,15,10,2,0,5,2,0,99999,0,40,37,1
40,5,171615,15,10,4,2,1,4,1,0,0,35,37,1
28,3,194690,5,4,5,7,3,4,1,0,0,60,24,0
33,3,207937,11,9,4,2,1,4,1,0,1092,40,37,0
23,3,340543,9,13,4,3,1,4,0,0,0,38,37,0
23,3,109430,11,9,4,7,1,4,0,0,0,40,37,0
25,3,202560,15,10,4,7,1,4,0,0,0,40,37,0
73,6,74040,5,4,0,7,1,1,0,0,0,40,37,0
63,3,154526,15,10,4,3,1,4,0,0,0,40,37,0
40,1,189189,9,13,2,9,5,4,0,0,0,20,37,0
37,3,137229,8,11,0,11,1,4,1,0,0,45,37,1
62,7,144116,0,6,2,14,0,4,1,0,0,40,37,0
41,3,323919,5,4,2,2,0,4,1,0,0,40,37,0
45,7,83601,2,8,6,14,4,4,0,0,0,70,37,0
40,7,299197,11,9,4,14,1,4,1,0,0,23,37,0
37,3,421633,8,11,0,5,4,2,0,0,0,40,37,0
42,3,444134,11,9,2,13,0,4,1,0,0,40,37,0
68,3,195868,9,13,2,11,0,4,1,20051,0,40,37,1
33,3,183612,11,9,2,6,0,4,1,0,0,40,37,1
19,3,196857,1,7,4,0,3,4,0,594,0,15,37,0
27,3,139209,11,9,4,6,4,2,0,0,0,40,37,0
18,7,165532,2,8,4,14,3,4,1,0,0,25,37,0
68,3,159191,15,10,4,0,1,4,0,0,0,40,37,0
18,4,352640,15,10,4,0,3,4,0,0,0,20,37,0
38,3,49115,11,9,2,6,0,4,1,0,0,40,37,1
23,3,350181,11,9,4,11,1,4,1,0,0,40,37,0
42,3,806552,15,10,2,3,0,4,1,0,0,50,37,1
27,3,110663,11,9,2,11,0,4,1,0,0,50,37,0
26,0,85482,11,9,4,0,1,1,1,0,0,40,37,0
25,3,208881,9,13,2,9,0,4,1,0,0,60,37,0
45,1,164427,9,13,0,9,4,4,0,0,0,40,37,0
61,3,223133,11,9,0,5,1,2,0,0,0,40,37,0
35,3,133906,11,9,0,0,4,4,0,0,0,40,37,0
35,3,133839,15,10,2,6,0,4,1,0,0,40,37,1
65,5,227531,9,13,0,7,1,4,0,0,0,35,37,0
26,3,114483,11,9,4,2,3,4,1,0,0,40,37,0
36,4,337778,15,10,2,3,0,4,1,0,0,60,40,1
20,3,344394,15,10,4,7,1,4,0,0,0,30,37,0
23,3,140414,11,9,2,2,0,4,1,0,0,40,37,0
52,3,159755,9,13,2,3,0,4,1,0,1887,40,37,1
33,3,479600,15,10,4,7,4,2,0,0,0,40,37,0
35,1,190964,9,13,2,2,0,4,1,0,0,40,37,0
18,3,120781,0,6,4,7,3,4,1,0,0,20,37,0
30,3,236599,11,9,2,3,0,4,1,0,0,50,37,0
33,3,182926,9,13,2,3,0,4,1,15024,0,50,37,1
38,3,127865,12,14,4,0,4,4,0,0,0,40,37,0
47,3,362654,11,9,2,6,0,4,1,0,0,40,37,0
44,1,193882,8,11,4,12,1,4,1,0,1340,40,37,0
30,3,553405,11,9,2,2,0,4,1,0,0,40,37,1
64,5,198186,12,14,4,9,1,4,0,0,0,30,38,0
23,3,139187,1,7,4,5,3,4,1,0,0,50,37,0
22,5,238917,11,9,4,5,1,4,1,0,0,40,37,0
32,3,347112,9,13,4,3,1,4,0,0,0,45,37,0
21,3,131473,15,10,4,11,3,1,1,0,0,20,39,0
32,3,169841,15,10,0,11,1,4,0,0,0,55,37,0
27,3,327766,15,10,0,2,1,4,1,0,0,45,37,0
45,3,243743,15,10,2,11,0,4,1,0,0,50,37,1
63,3,50349,11,9,6,7,1,4,0,0,0,34,37,0
36,3,203828,11,9,2,2,0,4,1,0,0,40,20,0
24,3,329408,1,7,4,5,1,4,1,0,0,40,37,0
74,7,278557,8,11,2,14,0,4,1,0,0,32,37,0
48,4,38240,11,9,2,4,0,4,1,0,0,40,37,1
63,3,170815,15,10,2,9,0,4,1,0,0,38,37,0
37,3,387430,15,10,2,0,0,4,1,0,0,37,37,0
35,6,227128,11,9,0,2,3,4,1,0,0,40,37,0
27,5,107846,11,9,4,10,1,4,1,0,0,30,37,0
64,3,262645,11,9,2,11,0,4,1,0,0,50,37,1
30,3,167990,14,15,2,9,0,4,1,0,0,60,37,1
69,3,230417,10,16,2,9,0,4,1,0,0,40,2,1
28,3,226089,0,6,4,6,4,4,0,0,0,40,37,0
44,3,150098,15,10,2,11,0,2,1,0,0,50,37,1
49,1,298445,14,15,2,9,5,4,0,0,1977,60,37,1
49,3,315984,11,9,2,6,0,4,1,0,0,40,37,0
53,3,53812,15,10,6,3,1,4,0,0,0,54,37,0
31,3,226696,11,9,4,2,1,4,1,0,0,50,37,1
38,3,260997,15,10,2,6,0,2,1,0,0,40,37,0
46,3,169042,0,6,4,7,1,4,0,0,0,25,6,0
60,5,127805,5,4,2,13,0,4,1,0,0,40,37,1
64,3,133169,1,7,6,6,1,4,0,0,0,40,17,0
63,3,137192,9,13,2,2,0,1,1,0,0,40,33,0
45,6,32186,9,13,5,9,1,4,0,0,0,40,37,0
48,3,129777,11,9,6,0,4,4,0,0,0,40,37,0
29,3,74784,11,9,2,13,0,4,1,0,0,70,37,0
49,3,102583,15,10,2,9,0,4,1,0,1848,44,37,1
47,3,98828,11,9,6,9,4,3,0,0,0,35,31,0
36,3,75073,15,10,4,2,1,2,1,0,0,55,37,0
40,3,210275,11,9,5,13,4,2,0,0,0,40,37,0
44,3,235786,15,10,2,9,0,4,1,7298,0,45,37,1
38,3,334999,11,9,2,11,0,4,1,0,0,45,37,0
25,3,124111,9,13,4,11,3,4,0,0,0,36,38,0
30,6,714597,15,10,4,10,1,2,1,0,0,45,37,0
29,3,201454,15,10,4,0,1,4,0,0,0,40,37,0
30,3,181372,9,13,2,9,5,4,0,0,0,40,37,1
25,3,144334,11,9,4,3,3,2,1,0,0,40,37,0
22,3,235829,15,10,4,0,3,4,0,0,0,40,37,0
29,3,213692,15,10,4,2,3,4,1,0,0,45,37,0
27,7,251854,9,13,2,14,5,2,0,0,0,35,38,1
52,0,197515,11,9,2,10,0,4,1,0,0,40,37,0
42,1,339671,9,13,3,9,1,4,0,8614,0,45,37,1
21,3,63899,1,7,4,0,2,4,0,0,0,40,37,0
28,5,240172,12,14,4,9,3,4,1,0,0,40,37,0
26,3,464552,6,5,4,5,3,4,1,0,0,45,24,0
22,3,203894,15,10,4,13,1,4,0,0,0,24,37,0
39,5,187693,11,9,2,2,0,4,1,0,0,72,37,1
60,3,82775,15,10,2,11,0,4,1,0,0,55,37,0
35,3,193815,7,12,2,0,0,4,1,0,0,40,37,1
39,3,187847,15,10,4,2,1,4,1,0,0,40,37,0
37,4,107164,0,6,4,13,1,4,1,0,2559,50,37,1
45,5,77132,15,10,4,11,1,4,1,0,0,55,37,0
29,3,183627,11,9,2,6,0,4,1,3137,0,48,19,0
35,3,214896,11,9,0,0,1,4,0,0,0,45,37,0
60,3,232337,5,4,0,6,1,4,1,0,0,40,37,0
50,0,299831,15,10,0,0,4,4,0,0,880,40,37,0
51,3,202956,8,11,2,11,0,4,1,0,0,40,37,0
33,3,166275,11,9,4,6,1,4,0,0,0,40,37,0
24,3,200295,15,10,4,7,1,4,1,0,0,30,37,0
45,3,234699,11,9,3,7,4,2,0,0,0,60,37,1
33,3,189265,9,13,4,3,1,4,0,0,0,40,37,0
48,3,247685,15,10,0,2,1,4,1,3325,0,40,37,0
40,3,104196,11,9,2,12,0,4,1,0,0,40,37,0
25,3,67151,9,13,4,3,1,4,0,0,0,60,37,0
44,5,98806,5,4,2,2,0,4,1,0,0,38,37,0
24,3,585203,9,13,2,3,5,4,0,7688,0,45,37,1
33,3,147700,11,9,2,2,0,3,1,0,0,40,37,0
43,4,172826,15,10,2,11,0,4,1,99999,0,55,37,1
